DATE,WINNING TEAM,WS,LOSING TEAM,LS,OT,WN,LN
8/22/2025,Adams Central,7,Garrett,0,0,1,106
8/22/2025,Alexandria,47,Wes-Del,0,0,2,297
8/22/2025,Angola,14,DeKalb,6,0,5,61
8/22/2025,Avon,30,Decatur Central,28,1,8,60
8/22/2025,Bedford North Lawrence,33,Martinsville,15,0,10,176
8/22/2025,Beech Grove,28,Greenfield-Central,9,0,11,111
8/22/2025,Bloomington South,42,Columbus East,7,0,17,47
8/22/2025,Bluffton,29,Shenandoah,27,0,18,250
8/22/2025,Boonville,33,Paoli,0,0,20,221
8/22/2025,Bowman Academy,58,Christel House,12,0,21,40
8/22/2025,Brownsburg,36,Spalding (Md.),23,0,25,0
8/22/2025,Brownstown Central,63,Corydon Central,0,0,26,51
8/22/2025,Calumet,48,Osceola Grace,13,0,27,0
8/22/2025,Carmel,49,Fishers,24,0,29,86
8/22/2025,Carroll (Flora),41,Caston,6,0,30,34
8/22/2025,Cascade,48,Monrovia,6,0,32,186
8/22/2025,Center Grove,24,Warren Central,6,0,35,293
8/22/2025,Centerville,83,Cambridge City Lincoln,0,0,36,28
8/22/2025,Charlestown,47,Silver Creek,27,0,38,252
8/22/2025,Churubusco,36,Bremen,7,0,41,23
8/22/2025,Cincinnati Taft (Ohio),37,Jeffersonville,0,0,0,146
8/22/2025,Clarksville,41,Pike Central,36,0,42,230
8/22/2025,Clinton Central,30,Frankfort,0,0,43,99
8/22/2025,Columbia City,27,NorthWood,24,0,46,217
8/22/2025,Columbus North,49,Whiteland,7,0,48,307
8/22/2025,Concord,35,Elkhart,29,0,49,75
8/22/2025,Connersville,42,Richmond,15,0,50,240
8/22/2025,Covington,51,Tri-County,0,0,53,283
8/22/2025,Crawfordsville,48,Parke Heritage,7,0,55,223
8/22/2025,Crown Point,38,Lowell,7,0,56,170
8/22/2025,Culver,26,Attica,7,0,57,7
8/22/2025,Delphi,54,Benton Central,0,0,62,14
8/22/2025,East Central,39,Lawrenceburg,12,0,64,164
8/22/2025,East Noble,42,Fort Wayne Wayne,0,0,66,97
8/22/2025,Eastbrook,21,Huntington North,20,0,67,131
8/22/2025,Eastern (Greentown),26,Oak Hill,22,0,68,219
8/22/2025,Eastern Hancock,50,Greencastle,14,0,71,110
8/22/2025,Eastside,38,Woodlan,6,0,72,312
8/22/2025,Edgewood,38,Mitchell,0,0,73,184
8/22/2025,Elwood,14,Southern Wells,8,0,76,265
8/22/2025,Evansville Mater Dei,44,Evansville Central,14,0,80,78
8/22/2025,Evansville Memorial,36,Jasper,14,0,81,144
8/22/2025,Evansville North,33,Castle,22,0,82,33
8/22/2025,Evansville Reitz,55,Evansville Harrison,0,0,83,79
8/22/2025,Fairfield,30,Goshen,23,0,84,109
8/22/2025,Faith Christian,32,Irvington Prep,8,0,85,143
8/22/2025,Floyd Central,47,Warren East (Ky.),7,0,87,0
8/22/2025,Fort Wayne North,21,Northridge,7,0,93,214
8/22/2025,Fort Wayne Northrop,41,New Haven,0,0,94,194
8/22/2025,Franklin,38,Southport,0,0,100,267
8/22/2025,Franklin Central,48,Perry Meridian,6,0,101,227
8/22/2025,Franklin County,27,New Castle,13,0,102,193
8/22/2025,Fremont,42,Fort Wayne Blackhawk,6,0,104,89
8/22/2025,Frontier,37,Clinton Prairie,26,0,105,44
8/22/2025,Gibson Southern,35,Danville,28,0,108,59
8/22/2025,Greenwood,38,Seymour,8,0,113,248
8/22/2025,Griffith,56,Highland,14,0,115,128
8/22/2025,Guerin Catholic,30,McCutcheon,13,0,116,177
8/22/2025,Hamilton Southeastern,14,Carroll (Fort Wayne),7,0,119,31
8/22/2025,Hammond Morton,35,Portage,7,0,121,234
8/22/2025,Harrison (West Lafayette),28,West Lafayette,21,0,124,299
8/22/2025,Heritage,42,Bellmont,0,0,125,12
8/22/2025,Heritage Christian,36,Speedway,15,0,126,270
8/22/2025,Heritage Hills,66,South Spencer,0,0,127,263
8/22/2025,Hobart,20,Chesterton,3,0,129,39
8/22/2025,Indian Creek,20,Western,13,0,132,303
8/22/2025,Indianapolis Cathedral,8,Ben Davis,0,0,134,13
8/22/2025,Indianapolis Chatard,35,Lafayette Jeff,28,0,135,155
8/22/2025,Indianapolis Lutheran,52,Indianapolis Attucks,30,0,136,133
8/22/2025,Indianapolis Ritter,19,Arsenal Tech,12,0,137,6
8/22/2025,Indianapolis Roncalli,3,Fort Wayne Dwenger,0,0,138,91
8/22/2025,Indianapolis Scecina,48,Fort Wayne Concordia,28,0,139,90
8/22/2025,Indianapolis Tindley,28,Edinburgh,14,0,141,74
8/22/2025,Jay County,56,Blackford,6,0,145,15
8/22/2025,John Glenn,43,Boone Grove,0,0,149,19
8/22/2025,Knightstown,34,Hagerstown,33,0,151,117
8/22/2025,Knox,38,North Judson,6,0,152,203
8/22/2025,Lake Central,45,Munster,28,0,156,191
8/22/2025,Lake Station,42,South Newton,6,0,157,261
8/22/2025,Lapel,23,Hamilton Heights,7,0,159,118
8/22/2025,LaPorte,32,New Prairie,14,0,160,196
8/22/2025,LaVille,28,Triton,0,0,161,284
8/22/2025,Lawrence North,34,Lawrence Central,27,0,163,162
8/22/2025,Leo,14,Fort Wayne Luers,7,0,166,92
8/22/2025,Logansport,48,Peru,0,0,169,228
8/22/2025,Maconaquah,61,Wabash,20,0,171,292
8/22/2025,Madison-Grant,42,Tri-Central,0,0,173,282
8/22/2025,Manchester,33,Northwestern,21,0,174,216
8/22/2025,Marion,48,Fort Wayne South,42,0,175,96
8/22/2025,Marion Local (Ohio),56,South Adams,0,0,0,253
8/22/2025,Merrillville,41,Andrean,14,0,178,4
8/22/2025,Michigan City,31,Hanover Central,0,0,179,123
8/22/2025,Milan,41,Rushville,18,0,180,244
8/22/2025,Mishawaka,35,Mishawaka Marian,7,0,181,182
8/22/2025,Mississinewa,35,Norwell,0,0,183,218
8/22/2025,Mooresville,28,Bloomington North,14,0,187,16
8/22/2025,Mount Vernon (Posey),44,Forest Park,0,0,189,88
8/22/2025,Muncie Central,16,Delta,13,0,190,63
8/22/2025,New Palestine,52,Kokomo,0,0,195,153
8/22/2025,Noblesville,21,Mount Vernon (Fortville),6,0,197,188
8/22/2025,North Central (Farmersburg),29,North Vermillion,7,0,198,210
8/22/2025,North Central (Indianapolis),35,Brebeuf Jesuit,13,0,199,22
8/22/2025,North Daviess,22,Washington,10,0,200,295
8/22/2025,North Decatur,61,South Decatur,0,0,201,260
8/22/2025,North Harrison,27,Salem,15,0,202,245
8/22/2025,North Miami,44,Northfield,15,0,205,213
8/22/2025,North Newton,31,Whiting,12,0,207,308
8/22/2025,North Posey,28,Southridge,27,0,208,268
8/22/2025,Northeastern,57,Union County,0,0,212,289
8/22/2025,Northview,42,Terre Haute North,7,0,215,277
8/22/2025,Owen Valley,46,Brown County,24,0,220,24
8/22/2025,Park Tudor,44,Covenant Christian,34,0,222,52
8/22/2025,Pendleton Heights,22,Lebanon,14,0,224,165
8/22/2025,Penn,21,Valparaiso,13,0,225,290
8/22/2025,Pioneer,28,Lewis Cass,0,0,231,167
8/22/2025,Plainfield,31,Terre Haute South,7,0,232,278
8/22/2025,Princeton,28,Tecumseh,16,0,236,275
8/22/2025,Providence,49,New Albany,14,0,237,192
8/22/2025,Purdue Englewood,6,Indianapolis Shortridge,0,0,238,140
8/22/2025,Rensselaer Central,28,Kankakee Valley,21,0,239,150
8/22/2025,River Forest,42,East Chicago Central,28,0,241,65
8/22/2025,Riverton Parke,33,Cloverdale,13,0,242,45
8/22/2025,Rochester,42,Southwood,0,0,243,269
8/22/2025,Scottsburg,42,Madison,0,0,246,172
8/22/2025,Seeger,31,Lafayette Central Catholic,13,0,247,154
8/22/2025,Shelbyville,34,Greensburg,14,0,249,112
8/22/2025,Sheridan,32,Greenwood Christian,29,0,251,114
8/22/2025,South Bend Adams,35,Culver Academy,7,0,254,58
8/22/2025,South Bend Riley,35,Hammond Noll,0,0,255,122
8/22/2025,South Bend St. Joseph,36,Lakeland,6,0,256,158
8/22/2025,South Bend Washington,31,Hammond Central,0,0,257,120
8/22/2025,South Dearborn,27,Jennings County,6,0,259,147
8/22/2025,South Putnam,53,North Putnam,33,0,262,209
8/22/2025,South Vermillion,20,West Vigo,19,0,264,301
8/22/2025,Southmont,26,Fountain Central,21,0,266,98
8/22/2025,Springs Valley,58,Eastern Greene,7,0,271,70
8/22/2025,Sullivan,42,North Knox,7,0,272,204
8/22/2025,Switzerland County,44,Crawford County,6,0,273,54
8/22/2025,Taylor,64,North White,0,0,274,211
8/22/2025,Tell City,42,Perry Central,0,0,276,226
8/22/2025,Tippecanoe Valley,20,Plymouth,3,0,279,233
8/22/2025,Tipton,41,Frankton,12,0,280,103
8/22/2025,Tri,60,Union City,7,0,281,288
8/22/2025,Triton Central,11,Batesville,10,0,285,9
8/22/2025,Tri-West,35,Western Boone,7,0,286,304
8/22/2025,Twin Lakes,39,North Montgomery,14,0,287,206
8/22/2025,Vincennes Lincoln,43,Evansville Bosse,12,0,291,77
8/22/2025,Warsaw,38,Fort Wayne Snider,30,0,294,95
8/22/2025,Wawasee,10,Jimtown,9,0,296,148
8/22/2025,West Central,24,Winamac,8,0,298,310
8/22/2025,West Noble,35,Central Noble,8,0,300,37
8/22/2025,West Washington,39,Eastern (Pekin),0,0,302,69
8/22/2025,Westfield,35,Homestead,0,0,305,130
8/22/2025,Wheeler,52,South Central (Union Mills),0,0,306,258
8/22/2025,Whitko,30,Prairie Heights,22,0,309,235
8/22/2025,Winchester,40,Monroe Central,6,0,311,185
8/22/2025,Yorktown,55,Anderson,0,0,313,3
8/22/2025,Zionsville,27,Pike,7,0,314,229
8/23/2025,Corbin (Ky.),42,Linton,20,0,0,168
8/29/2025,Adams Central,32,Eastside,21,0,1,72
8/29/2025,Alexandria,54,Sheridan,14,0,2,251
8/29/2025,Anderson,43,Indianapolis Washington,18,0,3,142
8/29/2025,Attica,45,Tri-County,16,0,7,283
8/29/2025,Avon,35,Ben Davis,14,0,8,13
8/29/2025,Batesville,27,Milan,20,0,9,180
8/29/2025,Beech Grove,44,Jennings County,0,0,11,147
8/29/2025,Bloomington North,29,Bedford North Lawrence,20,0,16,10
8/29/2025,Bloomington South,38,Martinsville,27,0,17,176
8/29/2025,Bluffton,45,Manchester,6,0,18,174
8/29/2025,Boone Grove,27,South Central (Union Mills),23,0,19,258
8/29/2025,Bronson (Mich.),31,Prairie Heights,16,0,0,235
8/29/2025,Brownsburg,29,Indianapolis Cathedral,0,0,25,134
8/29/2025,Brownstown Central,70,Charlestown,25,0,26,38
8/29/2025,Calumet,36,River Forest,14,0,27,241
8/29/2025,Carmel,34,Westfield,10,0,29,305
8/29/2025,Cascade,41,Danville,25,0,32,59
8/29/2025,Castle,31,Evansville Mater Dei,28,0,33,80
8/29/2025,Caston,55,North White,0,0,34,211
8/29/2025,Center Grove,35,Carroll (Fort Wayne),24,0,35,31
8/29/2025,Centerville,26,Hagerstown,15,0,36,117
8/29/2025,Chesterton,20,Hammond Morton,19,0,39,121
8/29/2025,Chicago Rice (Ill.),43,Valparaiso,19,0,0,290
8/29/2025,Clarksville,35,Eastern (Pekin),18,0,42,69
8/29/2025,Clinton Central,63,Faith Christian,14,0,43,85
8/29/2025,Clinton Prairie,50,Frankfort,0,0,44,99
8/29/2025,Columbia City,35,Plymouth,13,0,46,233
8/29/2025,Columbus North,52,Columbus East,7,0,48,47
8/29/2025,Concord,41,Jimtown,13,0,49,148
8/29/2025,Covenant Christian,14,Indianapolis Shortridge,0,0,52,140
8/29/2025,Covington,45,South Newton,0,0,53,261
8/29/2025,Crawford County,56,Brown County,26,0,54,24
8/29/2025,Crawfordsville,15,Fountain Central,7,0,55,98
8/29/2025,Crown Point,21,Pike,0,0,56,229
8/29/2025,DeKalb,28,Garrett,7,0,61,106
8/29/2025,East Central,21,Harrison (Ohio),20,0,64,0
8/29/2025,East Noble,29,Fort Wayne Snider,7,0,66,95
8/29/2025,Eastbrook,41,Fort Wayne Concordia,14,0,67,90
8/29/2025,Eastern (Greentown),44,Northwestern,14,0,68,216
8/29/2025,Eaton (Ohio),31,Richmond,7,0,0,240
8/29/2025,Edgewood,49,South Spencer,12,0,73,263
8/29/2025,Elkhart,17,Northridge,7,0,75,214
8/29/2025,Evansville Central,28,Evansville Bosse,20,0,78,77
8/29/2025,Evansville Memorial,21,Evansville North,0,0,81,82
8/29/2025,Evansville Reitz,35,Vincennes Lincoln,28,0,83,291
8/29/2025,Fairfield,38,John Glenn,20,0,84,149
8/29/2025,Fishers,31,Lawrence North,28,0,86,163
8/29/2025,Forest Park,35,Perry Central,6,0,88,226
8/29/2025,Fort Wayne Blackhawk,15,Southern Wells,12,0,89,265
8/29/2025,Fort Wayne Dwenger,31,St. Francis De Sales (Ohio),15,0,91,0
8/29/2025,Fort Wayne North,39,New Haven,23,0,93,194
8/29/2025,Fort Wayne Northrop,31,Huntington North,23,0,94,131
8/29/2025,Franklin,27,Mount Vernon (Fortville),13,0,100,188
8/29/2025,Franklin Central,22,Indianapolis Roncalli,15,0,101,138
8/29/2025,Franklin County,62,Connersville,28,0,102,50
8/29/2025,Fremont,63,Blackford,21,0,104,15
8/29/2025,Frontier,54,Winamac,21,0,105,310
8/29/2025,Gary West,28,East Chicago Central,22,1,107,65
8/29/2025,Goshen,38,South Bend Washington,21,0,109,257
8/29/2025,Grand Rapids Catholic (Mich.),30,Lake Central,7,0,0,156
8/29/2025,Greenfield-Central,34,Greensburg,21,0,111,112
8/29/2025,Griffith,58,Munster,20,0,115,191
8/29/2025,Hamilton Southeastern,31,North Central (Indianapolis),7,0,119,199
8/29/2025,Hammond Noll,45,Osceola Grace,21,0,122,0
8/29/2025,Heritage,13,Delta,7,1,125,63
8/29/2025,Heritage Hills,57,Owensboro Apollo (Ky.),10,0,127,0
8/29/2025,Highland,28,Whiting,13,0,128,308
8/29/2025,Hobart,52,Portage,21,0,129,234
8/29/2025,Homestead,13,Noblesville,10,0,130,197
8/29/2025,Indian Creek,29,Greenwood,10,0,132,113
8/29/2025,Indianapolis Attucks,20,Arsenal Tech,14,0,133,6
8/29/2025,Indianapolis Chatard,49,Hanover Central,7,0,135,123
8/29/2025,Indianapolis Lutheran,17,New Albany,0,0,136,192
8/29/2025,Indianapolis Scecina,52,Heritage Christian,50,0,139,126
8/29/2025,Jasper,43,Evansville Harrison,6,0,144,79
8/29/2025,Jeffersonville,20,Seymour,6,0,146,248
8/29/2025,Knox,38,Pioneer,20,0,152,231
8/29/2025,Lafayette Central Catholic,14,Indianapolis Ritter,0,0,154,137
8/29/2025,Lafayette Jeff,46,Michigan City,29,0,155,179
8/29/2025,Lake Station,55,Illinois HomeSchool,10,0,157,0
8/29/2025,Lakeland,14,Churubusco,12,0,158,41
8/29/2025,Lapel,49,Frankton,2,0,159,103
8/29/2025,Lawrence Central,40,Zionsville,30,0,162,314
8/29/2025,Lawrenceburg,41,Taylor (Ohio),13,0,164,0
8/29/2025,Lebanon,48,Western Boone,21,0,165,304
8/29/2025,Leo,21,Angola,6,0,166,5
8/29/2025,Lewis Cass,43,Northfield,13,0,167,213
8/29/2025,Linton,34,Monrovia,19,0,168,186
8/29/2025,Logansport,54,South Bend Adams,6,0,169,254
8/29/2025,Louisville Holy Cross (Ky.),48,Providence,35,0,0,237
8/29/2025,Lowell,34,LaPorte,6,0,170,160
8/29/2025,Loyola Academy (Ill.),21,Merrillville,14,0,0,178
8/29/2025,Maconaquah,41,Carroll (Flora),21,0,171,30
8/29/2025,Madison-Grant,55,Southwood,0,0,173,269
8/29/2025,McCutcheon,31,West Lafayette,6,0,177,299
8/29/2025,Mishawaka Marian,21,Culver Academy,14,0,182,58
8/29/2025,Mississinewa,38,Marion,12,0,183,175
8/29/2025,Monroe Central,46,Union City,0,0,185,288
8/29/2025,Mooresville,48,Terre Haute North,8,0,187,277
8/29/2025,Mount Vernon (Posey),42,Boonville,22,0,189,20
8/29/2025,New Palestine,28,Decatur Central,6,0,195,60
8/29/2025,Noblesville HomeSchool,42,Christel House,12,0,0,40
8/29/2025,North Daviess,10,North Central (Farmersburg),9,0,200,198
8/29/2025,North Decatur,41,Eastern Hancock,27,0,201,71
8/29/2025,North Judson,21,LaVille,14,0,203,161
8/29/2025,North Knox,53,Eastern Greene,13,0,204,70
8/29/2025,North Miami,47,Wabash,14,0,205,292
8/29/2025,North Posey,34,Tecumseh,0,0,208,275
8/29/2025,North Putnam,57,Cloverdale,26,0,209,45
8/29/2025,Northeastern,62,Tri,49,0,212,281
8/29/2025,Northview,49,Speedway,0,0,215,270
8/29/2025,NorthWood,51,New Prairie,14,0,217,196
8/29/2025,Oak Hill,30,Norwell,25,0,219,218
8/29/2025,Paoli,17,Corydon Central,7,0,221,51
8/29/2025,Paris (Ill.),57,North Vermillion,0,0,0,210
8/29/2025,Park Tudor,45,Indianapolis Tindley,0,0,222,141
8/29/2025,Parke Heritage,26,West Vigo,20,0,223,301
8/29/2025,Pendleton Heights,34,Guerin Catholic,0,0,224,116
8/29/2025,Penn,28,Mishawaka,22,0,225,181
8/29/2025,Perry Meridian,41,Southport,0,0,227,267
8/29/2025,Peru,32,Whitko,22,0,228,309
8/29/2025,Plainfield,34,Harrison (West Lafayette),27,0,232,124
8/29/2025,Princeton,49,Pike Central,6,0,236,230
8/29/2025,Purdue Englewood,62,Irvington Prep,0,0,238,143
8/29/2025,Rensselaer Central,52,North Newton,6,0,239,207
8/29/2025,Riverton Parke,60,Edinburgh,0,0,242,74
8/29/2025,Salem,27,Silver Creek,20,0,245,252
8/29/2025,Scottsburg,21,North Harrison,14,0,246,202
8/29/2025,Seeger,57,Benton Central,6,0,247,14
8/29/2025,Shelbyville,45,Rushville,20,0,249,244
8/29/2025,Shenandoah,39,South Decatur,0,0,250,260
8/29/2025,South Adams,53,Bellmont,0,0,253,12
8/29/2025,South Bend Riley,33,Fort Wayne Wayne,6,0,255,97
8/29/2025,South Bend St. Joseph,26,Fort Wayne South,0,0,256,96
8/29/2025,South Dearborn,42,Madison,0,0,259,172
8/29/2025,South Putnam,65,Greencastle,21,0,262,110
8/29/2025,Southmont,50,Owen Valley,12,0,266,220
8/29/2025,Southridge,56,Washington,33,0,268,295
8/29/2025,Springs Valley,70,Mitchell,6,0,271,184
8/29/2025,Sullivan,56,South Vermillion,7,0,272,264
8/29/2025,Switzerland County,36,Cincinnati Landmark (Ohio),15,0,273,0
8/29/2025,T.F. South (Ill.),42,Hammond Central,12,0,0,120
8/29/2025,Taylor,63,Greenwood Christian,8,0,274,114
8/29/2025,Tell City,28,West Washington,7,0,276,302
8/29/2025,Terre Haute South,46,Kokomo,36,0,278,153
8/29/2025,Tippecanoe Valley,7,Rochester,2,0,279,243
8/29/2025,Tipton,48,Elwood,0,0,280,76
8/29/2025,Triton,14,Bremen,0,0,284,23
8/29/2025,Triton Central,28,Hamilton Heights,13,0,285,118
8/29/2025,Tri-West,47,Brebeuf Jesuit,29,0,286,22
8/29/2025,Twin Lakes,41,Delphi,6,0,287,62
8/29/2025,Union County,38,Cambridge City Lincoln,0,0,289,28
8/29/2025,Warren Central,28,Warsaw,14,0,293,294
8/29/2025,West Central,32,Culver,6,0,298,57
8/29/2025,West Noble,35,Wawasee,19,0,300,296
8/29/2025,Western,37,North Montgomery,6,0,303,206
8/29/2025,Wheeler,33,Kankakee Valley,7,0,306,150
8/29/2025,Whiteland,48,Floyd Central,28,0,307,87
8/29/2025,Winchester,10,Knightstown,7,2,311,151
8/29/2025,Woodlan,31,Central Noble,8,0,312,37
8/29/2025,Yorktown,15,Muncie Central,12,0,313,190
8/30/2025,Andrean,13,Fort Wayne Luers,0,0,4,92
8/30/2025,Bowman Academy,28,Calumet Christian,16,0,21,0
8/30/2025,New Castle,35,Jay County,0,0,193,145
8/30/2025,Rochester (Ill.),42,Gibson Southern,21,0,0,108
9/5/2025,Adams Central,41,Muncie Central,13,0,1,190
9/5/2025,Alexandria,47,Elwood,0,0,2,76
9/5/2025,Andrean,38,Kankakee Valley,8,0,4,150
9/5/2025,Angola,34,Fremont,0,0,5,104
9/5/2025,Batesville,17,South Dearborn,14,0,9,259
9/5/2025,Bedford North Lawrence,48,Jeffersonville,27,0,10,146
9/5/2025,Beech Grove,60,Indianapolis Scecina,14,0,11,139
9/5/2025,Ben Davis,31,Pike,14,0,13,229
9/5/2025,Bloomington South,49,Terre Haute North,13,0,17,277
9/5/2025,Bluffton,44,South Adams,41,0,18,253
9/5/2025,Boonville,25,Southridge,14,0,20,268
9/5/2025,Bremen,39,Boone Grove,0,0,23,19
9/5/2025,Brown County,30,Noblesville HomeSchool,14,0,24,0
9/5/2025,Brownsburg,35,Franklin Central,7,0,25,101
9/5/2025,Brownstown Central,56,New Albany,0,0,26,192
9/5/2025,Calumet,28,East Chicago Central,16,0,27,65
9/5/2025,Carmel,48,Centerville (Ohio),0,0,29,0
9/5/2025,Carroll (Flora),48,Taylor,21,0,30,274
9/5/2025,Carroll (Fort Wayne),52,Fort Wayne Concordia,7,0,31,90
9/5/2025,Cascade,42,North Putnam,6,0,32,209
9/5/2025,Castle,56,Evansville Bosse,0,0,33,77
9/5/2025,Center Grove,55,Marion,0,0,35,175
9/5/2025,Centerville,38,Eastern Hancock,27,0,36,71
9/5/2025,Charlestown,40,Madison,13,0,38,172
9/5/2025,Cincinnati Country Day (Ohio),46,Irvington Prep,0,0,0,143
9/5/2025,Cincinnati St. Xavier (Ohio),24,Indianapolis Cathedral,6,0,0,134
9/5/2025,Clinton Prairie,32,Clinton Central,0,0,44,43
9/5/2025,Cloverdale,68,Owen Valley,0,0,45,220
9/5/2025,Columbia City,61,Bellmont,6,0,46,12
9/5/2025,Columbus East,49,Seymour,34,0,47,248
9/5/2025,Columbus North,54,Southport,0,0,48,267
9/5/2025,Connersville,28,Greensburg,14,0,50,112
9/5/2025,Corydon Central,32,North Harrison,29,0,51,202
9/5/2025,Covington,44,North Vermillion,14,0,53,210
9/5/2025,Crawford County,20,Perry Central,6,0,54,226
9/5/2025,Crown Point,35,Merrillville,21,0,56,178
9/5/2025,Danville,49,Anderson,6,0,59,3
9/5/2025,Decatur Central,29,Whiteland,14,0,60,307
9/5/2025,DeKalb,40,New Haven,20,0,61,194
9/5/2025,Delta,24,Shelbyville,7,0,63,249
9/5/2025,East Noble,39,Huntington North,0,0,66,131
9/5/2025,Eastbrook,57,Frankton,0,0,67,103
9/5/2025,Eastern (Greentown),49,Delphi,24,0,68,62
9/5/2025,Eastside,27,West Noble,24,0,72,300
9/5/2025,Edgewood,31,South Putnam,30,1,73,262
9/5/2025,Elkhart,34,South Bend Washington,13,0,75,257
9/5/2025,Evansville Mater Dei,21,Vincennes Lincoln,6,0,80,291
9/5/2025,Evansville Memorial,44,Evansville Central,6,0,81,78
9/5/2025,Evansville North,41,Evansville Harrison,6,0,82,79
9/5/2025,Fishers,42,Noblesville,17,0,86,197
9/5/2025,Floyd Central,58,Silver Creek,14,0,87,252
9/5/2025,Fort Wayne Dwenger,46,Fort Wayne Wayne,0,0,91,97
9/5/2025,Fort Wayne Northrop,25,Fort Wayne North,16,0,94,93
9/5/2025,Fort Wayne Snider,9,Fort Wayne Luers,0,0,95,92
9/5/2025,Franklin County,41,Rushville,6,0,102,244
9/5/2025,Frontier,62,North White,8,0,105,211
9/5/2025,Garrett,17,Churubusco,7,0,106,41
9/5/2025,Gary West,48,Hammond Central,0,0,107,120
9/5/2025,Gibson Southern,42,Mount Vernon (Posey),0,0,108,189
9/5/2025,Greencastle,49,Frankfort,8,0,110,99
9/5/2025,Greenfield-Central,24,Mount Vernon (Fortville),21,0,111,188
9/5/2025,Greenwood Christian,50,Phalen Academy,0,0,114,0
9/5/2025,Guerin Catholic,28,Heritage Christian,25,0,116,126
9/5/2025,Hagerstown,41,Union City,0,0,117,288
9/5/2025,Hamilton Heights,35,Tippecanoe Valley,19,0,118,279
9/5/2025,Hamilton Southeastern,17,Avon,14,0,119,8
9/5/2025,Hammond Morton,42,Shepard (Ill.),20,0,121,0
9/5/2025,Hanover Central,28,Highland,0,0,123,128
9/5/2025,Harrison (West Lafayette),32,Brebeuf Jesuit,21,0,124,22
9/5/2025,Heritage,42,Woodlan,21,0,125,312
9/5/2025,Heritage Hills,63,Princeton,13,0,127,236
9/5/2025,Hobart,41,Munster,7,0,129,191
9/5/2025,Homestead,30,Fort Wayne South,10,0,130,96
9/5/2025,Indian Creek,52,Covenant Christian,28,0,132,52
9/5/2025,Indianapolis Attucks,52,Indianapolis Tindley,12,0,133,141
9/5/2025,Indianapolis Chatard,33,Indianapolis Roncalli,11,0,135,138
9/5/2025,Indianapolis Washington,30,Christel House,0,0,142,40
9/5/2025,Jasper,20,Evansville Reitz,14,0,144,83
9/5/2025,Jennings County,27,Eastern (Pekin),2,0,147,69
9/5/2025,Jimtown,29,Fairfield,28,0,148,84
9/5/2025,Kettering Alter (Ohio),35,Linton,0,0,0,168
9/5/2025,Knightstown,59,Union County,0,0,151,289
9/5/2025,Knox,72,Culver Academy,24,0,152,58
9/5/2025,Lafayette Jeff,41,McCutcheon,0,0,155,177
9/5/2025,Lake Central,26,Portage,0,0,156,234
9/5/2025,Lakeland,40,Prairie Heights,6,0,158,235
9/5/2025,Lapel,28,Shenandoah,12,0,159,250
9/5/2025,LaVille,42,Central Noble,9,0,161,37
9/5/2025,Lawrence Central,61,Edwardsville (Ill.),21,0,162,0
9/5/2025,Lawrence North,32,East Central,7,0,163,64
9/5/2025,Lawrenceburg,42,Speedway,0,0,164,270
9/5/2025,Lebanon,37,West Lafayette,34,0,165,299
9/5/2025,Leo,35,Norwell,7,0,166,218
9/5/2025,Lewis Cass,34,Peru,32,0,167,228
9/5/2025,Logansport,49,Lafayette Central Catholic,17,0,169,154
9/5/2025,Lowell,42,Griffith,14,0,170,115
9/5/2025,Maconaquah,42,Northfield,6,0,171,213
9/5/2025,Madison-Grant,62,Blackford,0,0,173,15
9/5/2025,Manchester,47,Wabash,19,0,174,292
9/5/2025,Martinsville,38,Greenwood,20,0,176,113
9/5/2025,Michigan City,30,Chesterton,13,0,179,39
9/5/2025,Mishawaka,38,Concord,34,0,181,49
9/5/2025,Mishawaka Marian,21,South Bend Adams,0,0,182,254
9/5/2025,Mississinewa,20,Oak Hill,0,0,183,219
9/5/2025,Monrovia,22,Kokomo,15,0,186,153
9/5/2025,New Palestine,35,Yorktown,10,0,195,313
9/5/2025,North Central (Farmersburg),49,West Vigo,21,0,198,301
9/5/2025,North Daviess,75,Eastern Greene,0,0,200,70
9/5/2025,North Decatur,21,Milan,20,0,201,180
9/5/2025,North Judson,60,South Central (Union Mills),6,0,203,258
9/5/2025,North Knox,25,North Posey,24,0,204,208
9/5/2025,North Miami,28,Caston,13,0,205,34
9/5/2025,North Newton,41,Faith Christian,18,0,207,85
9/5/2025,Northeastern,35,Winchester,7,0,212,311
9/5/2025,Northview,48,Sullivan,20,0,215,272
9/5/2025,Northwestern,26,Southwood,20,0,216,269
9/5/2025,NorthWood,36,Wawasee,7,0,217,296
9/5/2025,Park Tudor,28,Indianapolis Shortridge,0,0,222,140
9/5/2025,Parke Heritage,32,South Vermillion,12,0,223,264
9/5/2025,Pendleton Heights,35,New Castle,0,0,224,193
9/5/2025,Penn,49,South Bend Riley,6,0,225,255
9/5/2025,Perry Meridian,15,Franklin,7,0,227,100
9/5/2025,Pioneer,50,Winamac,0,0,231,310
9/5/2025,Plainfield,35,Mooresville,14,0,232,187
9/5/2025,Plymouth,24,Northridge,21,0,233,214
9/5/2025,Providence,28,Indianapolis Ritter,7,0,237,137
9/5/2025,Purdue Englewood,20,Arsenal Tech,8,0,238,6
9/5/2025,Rensselaer Central,28,John Glenn,0,0,239,149
9/5/2025,Richmond,34,Monroe Central,15,0,240,185
9/5/2025,Riverton Parke,34,Fountain Central,7,0,242,98
9/5/2025,Rochester,47,Whitko,0,0,243,309
9/5/2025,Scottsburg,23,Salem,6,0,246,245
9/5/2025,Seeger,57,Attica,0,0,247,7
9/5/2025,South Bend St. Joseph,43,New Prairie,13,0,256,196
9/5/2025,South Decatur,35,Edinburgh,6,0,260,74
9/5/2025,South Newton,14,Benton Central,6,0,261,14
9/5/2025,Southern Wells,21,Jay County,14,0,265,145
9/5/2025,Southmont,47,North Montgomery,8,0,266,206
9/5/2025,Springs Valley,52,Paoli,34,0,271,221
9/5/2025,Switzerland County,48,Clarksville,0,0,273,42
9/5/2025,Tecumseh,26,South Spencer,7,0,275,263
9/5/2025,Tell City,39,Pike Central,14,0,276,230
9/5/2025,Terre Haute South,23,Bloomington North,0,0,278,16
9/5/2025,Tri,80,Cambridge City Lincoln,8,0,281,28
9/5/2025,Triton,48,Culver,8,0,284,57
9/5/2025,Triton Central,17,Tri-West,14,0,285,286
9/5/2025,Twin Lakes,42,Tipton,22,0,287,280
9/5/2025,Valparaiso,28,LaPorte,0,0,290,160
9/5/2025,Warren Central,49,North Central (Indianapolis),7,0,293,199
9/5/2025,Warsaw,37,Goshen,7,0,294,109
9/5/2025,Washington,41,Forest Park,23,0,295,88
9/5/2025,Wes-Del,42,Fort Wayne Blackhawk,0,0,297,89
9/5/2025,West Central,76,Tri-County,0,0,298,283
9/5/2025,West Washington,33,Mitchell,0,0,302,184
9/5/2025,Western,46,Indianapolis Lutheran,14,0,303,136
9/5/2025,Western Boone,41,Crawfordsville,17,0,304,55
9/5/2025,Westfield,27,Zionsville,3,0,305,314
9/5/2025,Wheeler,49,River Forest,0,0,306,241
9/5/2025,Whiting,28,Hammond Noll,7,0,308,122
9/6/2025,Lake Station,46,Bowman Academy,24,0,157,21
9/12/2025,Adams Central,40,Jay County,0,0,1,145
9/12/2025,Andrean,21,Munster,7,0,4,191
9/12/2025,Arsenal Tech,44,Indianapolis Tindley,6,0,6,141
9/12/2025,Batesville,39,Rushville,28,0,9,244
9/12/2025,Bedford North Lawrence,38,New Albany,3,0,10,192
9/12/2025,Bloomington South,36,Bloomington North,7,0,17,16
9/12/2025,Bluffton,42,Woodlan,7,0,18,312
9/12/2025,Boonville,35,North Knox,6,0,20,204
9/12/2025,Bremen,7,LaVille,6,0,23,161
9/12/2025,Brownsburg,55,Avon,47,0,25,8
9/12/2025,Brownstown Central,63,Salem,7,0,26,245
9/12/2025,Byron Central (Mich.),34,Hammond Morton,17,0,0,121
9/12/2025,Carroll (Flora),45,Delphi,6,0,30,62
9/12/2025,Cascade,63,North Montgomery,26,0,32,206
9/12/2025,Castle,43,Evansville Harrison,0,0,33,79
9/12/2025,Center Grove,63,Ben Davis,35,0,35,13
9/12/2025,Central Noble,35,Prairie Heights,26,0,37,235
9/12/2025,Charlestown,29,North Harrison,22,0,38,202
9/12/2025,Chesterton,34,LaPorte,14,0,39,160
9/12/2025,Churubusco,19,Eastside,14,0,41,72
9/12/2025,Cloverdale,55,North Central (Farmersburg),6,0,45,198
9/12/2025,Columbus East,37,Jennings County,0,0,47,147
9/12/2025,Concord,21,Northridge,14,0,49,214
9/12/2025,Connersville,28,Madison,7,0,50,172
9/12/2025,Crawford County,38,South Decatur,14,0,54,260
9/12/2025,Crown Point,42,Lake Central,0,0,56,156
9/12/2025,Danville,27,Hamilton Heights,24,0,59,118
9/12/2025,Decatur Central,75,Martinsville,6,0,60,176
9/12/2025,East Central,35,Franklin County,14,0,64,102
9/12/2025,East Chicago Central,62,Bowman Academy,34,0,65,21
9/12/2025,East Noble,21,DeKalb,14,0,66,61
9/12/2025,Eastbrook,34,Alexandria,24,0,67,2
9/12/2025,Eastern Greene,14,Mitchell,0,0,70,184
9/12/2025,Edgewood,34,Owen Valley,0,0,73,220
9/12/2025,Edinburgh,18,Crimson Knights,16,0,74,0
9/12/2025,Elkhart,39,South Bend Riley,22,0,75,255
9/12/2025,Elwood,49,Blackford,8,0,76,15
9/12/2025,Evansville Memorial,28,Evansville Mater Dei,21,1,81,80
9/12/2025,Evansville Reitz,19,Evansville North,14,0,83,82
9/12/2025,Fairfield,28,Culver Academy,27,0,84,58
9/12/2025,Fishers,28,Hamilton Southeastern,16,0,86,119
9/12/2025,Floyd Central,42,Seymour,14,0,87,248
9/12/2025,Forest Park,35,Tecumseh,14,0,88,275
9/12/2025,Fort Wayne Dwenger,9,Carroll (Fort Wayne),6,0,91,31
9/12/2025,Fort Wayne Luers,21,Fort Wayne South,12,0,92,96
9/12/2025,Fort Wayne North,49,Fort Wayne Concordia,14,0,93,90
9/12/2025,Fort Wayne Snider,31,Fort Wayne Wayne,18,0,95,97
9/12/2025,Fountain Central,40,Covington,12,0,98,53
9/12/2025,Franklin Central,20,Zionsville,16,0,101,314
9/12/2025,Fremont,59,Osceola Grace,7,0,104,0
9/12/2025,Frontier,64,Faith Christian,0,0,105,85
9/12/2025,Garrett,28,Lakeland,7,0,106,158
9/12/2025,Gibson Southern,40,Henderson County (Ky.),14,0,108,0
9/12/2025,Griffith,49,Boone Grove,0,0,115,19
9/12/2025,Guerin Catholic,36,Brebeuf Jesuit,25,0,116,22
9/12/2025,Hagerstown,57,Union County,0,0,117,289
9/12/2025,Heritage Christian,23,Covenant Christian,13,0,126,52
9/12/2025,Heritage Hills,45,Southridge,0,0,127,268
9/12/2025,Highland,31,Calumet,30,0,128,27
9/12/2025,Hobart,40,Kankakee Valley,7,0,129,150
9/12/2025,Homestead,42,Fort Wayne Northrop,36,1,130,94
9/12/2025,Huntington North,21,Columbia City,14,0,131,46
9/12/2025,Indian Creek,42,Beech Grove,0,0,132,11
9/12/2025,Indianapolis Attucks,46,Christel House,0,0,133,40
9/12/2025,Indianapolis Cathedral,23,Indianapolis Chatard,20,0,134,135
9/12/2025,Indianapolis Lutheran,56,Indianapolis Scecina,10,0,136,139
9/12/2025,Indianapolis Ritter,33,Greenwood Christian,29,0,137,114
9/12/2025,Indianapolis Roncalli,41,Columbus North,20,0,138,48
9/12/2025,Indianapolis Shortridge,26,Hammond Central,24,0,140,120
9/12/2025,Jasper,63,Evansville Bosse,0,0,144,77
9/12/2025,Jeffersonville,24,Kokomo,14,0,146,153
9/12/2025,John Glenn,14,Jimtown,10,0,149,148
9/12/2025,Knightstown,59,Union City,12,0,151,288
9/12/2025,Knox,36,Tippecanoe Valley,21,0,152,279
9/12/2025,Lafayette Jeff,47,Harrison (West Lafayette),26,0,155,124
9/12/2025,Lapel,42,Muncie Central,14,0,159,190
9/12/2025,Lawrence North,55,North Central (Indianapolis),21,0,163,199
9/12/2025,Lawrenceburg,62,Greensburg,7,0,164,112
9/12/2025,Lebanon,42,Marion,14,0,165,175
9/12/2025,Leo,49,New Haven,14,0,166,194
9/12/2025,Lewis Cass,18,Manchester,14,0,167,174
9/12/2025,Linton,42,Sullivan,28,0,168,272
9/12/2025,Logansport,61,Benton Central,6,0,169,14
9/12/2025,Louisville Trinity (Ky.),41,Carmel,28,0,0,29
9/12/2025,Lowell,35,Hanover Central,20,0,170,123
9/12/2025,Maconaquah,62,Whitko,0,0,171,309
9/12/2025,McCutcheon,52,Anderson,0,0,177,3
9/12/2025,Merrillville,44,Portage,23,0,178,234
9/12/2025,Michigan City,27,Valparaiso,21,0,179,290
9/12/2025,Mishawaka,26,NorthWood,25,0,181,217
9/12/2025,Mississinewa,35,Frankton,0,0,183,103
9/12/2025,Mooresville,43,Greenwood,21,0,187,113
9/12/2025,Mount Vernon (Posey),49,South Spencer,7,0,189,263
9/12/2025,New Palestine,71,Mount Vernon (Fortville),0,0,195,188
9/12/2025,North Daviess,48,Pike Central,0,0,200,230
9/12/2025,North Decatur,66,Brown County,0,0,201,24
9/12/2025,North Judson,24,North Miami,16,0,203,205
9/12/2025,North Newton,14,South Newton,6,0,207,261
9/12/2025,North Posey,38,Tell City,21,0,208,276
9/12/2025,North Putnam,57,Crawfordsville,23,0,209,55
9/12/2025,North White,28,Tri-County,0,0,211,283
9/12/2025,Northeastern,89,Cambridge City Lincoln,6,0,212,28
9/12/2025,Northview,84,West Vigo,0,0,215,301
9/12/2025,Northwestern,39,Peru,30,0,216,228
9/12/2025,Norwell,48,Bellmont,21,0,218,12
9/12/2025,Oak Hill,28,Madison-Grant,20,0,219,173
9/12/2025,Paoli,49,Perry Central,0,0,221,226
9/12/2025,Park Tudor,55,Indianapolis Washington,14,0,222,142
9/12/2025,Parke Heritage,27,Attica,12,0,223,7
9/12/2025,Pendleton Heights,43,Greenfield-Central,14,0,224,111
9/12/2025,Penn,62,South Bend Washington,0,0,225,257
9/12/2025,Pike,48,Southport,0,0,229,267
9/12/2025,Pioneer,45,Caston,13,0,231,34
9/12/2025,Plainfield,41,Perry Meridian,6,0,232,227
9/12/2025,Plymouth,44,Goshen,7,0,233,109
9/12/2025,Providence,62,Clarksville,0,0,237,42
9/12/2025,Purdue Englewood,52,Noblesville HomeSchool,12,0,238,0
9/12/2025,River Forest,37,Gary West,20,0,241,107
9/12/2025,Riverton Parke,48,Seeger,12,0,242,247
9/12/2025,Rochester,56,Wabash,7,0,243,292
9/12/2025,Scottsburg,28,Corydon Central,21,0,246,51
9/12/2025,Shelbyville,35,New Castle,21,0,249,193
9/12/2025,Shenandoah,44,Fort Wayne Blackhawk,21,0,250,89
9/12/2025,Sheridan,40,Clinton Central,0,0,251,43
9/12/2025,Silver Creek,42,Eastern (Pekin),0,0,252,69
9/12/2025,South Adams,42,Heritage,14,0,253,125
9/12/2025,South Bend Adams,35,New Prairie,34,0,254,196
9/12/2025,South Bend St. Joseph,31,Mishawaka Marian,0,0,256,182
9/12/2025,South Dearborn,35,Richmond,28,0,259,240
9/12/2025,South Putnam,33,Eastern Hancock,19,0,262,71
9/12/2025,South Vermillion,30,North Vermillion,0,0,264,210
9/12/2025,Southmont,57,Frankfort,0,0,266,99
9/12/2025,Southwood,27,Northfield,12,0,269,213
9/12/2025,Springs Valley,38,West Washington,0,0,271,302
9/12/2025,Switzerland County,21,Milan,14,0,273,180
9/12/2025,Taylor,21,Eastern (Greentown),20,0,274,68
9/12/2025,Terre Haute South,66,Terre Haute North,7,0,278,277
9/12/2025,Tri,49,Monroe Central,0,0,281,185
9/12/2025,Triton,63,South Central (Union Mills),0,0,284,258
9/12/2025,Triton Central,24,Monrovia,14,0,285,186
9/12/2025,Tri-West,63,Speedway,21,0,286,270
9/12/2025,Twin Lakes,52,Lafayette Central Catholic,3,0,287,154
9/12/2025,Vincennes Lincoln,46,Evansville Central,13,0,291,78
9/12/2025,Warren Central,31,Lawrence Central,21,0,293,162
9/12/2025,Warsaw,41,Wawasee,7,0,294,296
9/12/2025,Washington,38,Princeton,35,0,295,236
9/12/2025,Wes-Del,36,Southern Wells,14,0,297,265
9/12/2025,West Central,54,Lake Station,14,0,298,157
9/12/2025,West Lafayette,35,Rensselaer Central,7,0,299,239
9/12/2025,West Noble,28,Angola,14,0,300,5
9/12/2025,Western,48,Tipton,7,0,303,280
9/12/2025,Western Boone,76,Greencastle,34,0,304,110
9/12/2025,Westfield,41,Noblesville,7,0,305,197
9/12/2025,Wheeler,52,Hammond Noll,0,0,306,122
9/12/2025,Whiteland,21,Franklin,14,0,307,100
9/12/2025,Whiting,39,Calumet Christian,0,0,308,0
9/12/2025,Winamac,30,Culver,22,0,310,57
9/12/2025,Winchester,28,Centerville,19,0,311,36
9/12/2025,Yorktown,45,Delta,7,0,313,63
9/19/2025,Adams Central,14,Heritage,7,0,1,125
9/19/2025,Andrean,17,Hobart,7,0,4,129
9/19/2025,Avon,35,Franklin Central,10,0,8,101
9/19/2025,Bedford North Lawrence,34,Seymour,13,0,10,248
9/19/2025,Bloomington North,56,Terre Haute North,0,0,16,277
9/19/2025,Bloomington South,49,Terre Haute South,14,0,17,278
9/19/2025,Bluffton,40,Jay County,0,0,18,145
9/19/2025,Bremen,29,Jimtown,22,0,23,148
9/19/2025,Brownsburg,42,Fishers,14,0,25,86
9/19/2025,Brownstown Central,56,North Harrison,14,0,26,202
9/19/2025,Calumet,52,Bowman Academy,16,0,27,21
9/19/2025,Carmel,56,Columbus North,7,0,29,48
9/19/2025,Carroll (Fort Wayne),47,Fort Wayne Snider,14,0,31,95
9/19/2025,Cascade,77,Frankfort,0,0,32,99
9/19/2025,Castle,17,Vincennes Lincoln,7,0,33,291
9/19/2025,Caston,46,South Central (Union Mills),0,0,34,258
9/19/2025,Center Grove,31,Trotwood-Madison (Ohio),20,0,35,0
9/19/2025,Centerville,31,Tri,30,1,36,281
9/19/2025,Charlestown,32,Providence,28,0,38,237
9/19/2025,Chesterton,24,Valparaiso,16,0,39,290
9/19/2025,Churubusco,39,Prairie Heights,12,0,41,235
9/19/2025,Columbus East,49,New Albany,28,0,47,192
9/19/2025,Concord,38,Warsaw,7,0,49,294
9/19/2025,Corydon Central,52,Clarksville,8,0,51,42
9/19/2025,Covington,30,South Vermillion,25,0,53,264
9/19/2025,Crawford County,24,Mitchell,22,0,54,184
9/19/2025,Crown Point,47,Portage,7,0,56,234
9/19/2025,Culver Academy,35,Hammond Central,6,0,58,120
9/19/2025,Decatur Central,73,Mooresville,27,0,60,187
9/19/2025,DeKalb,28,Columbia City,7,0,61,46
9/19/2025,Delphi,32,Wes-Del,14,0,62,297
9/19/2025,Delta,40,Mount Vernon (Fortville),20,0,63,188
9/19/2025,East Central,45,Batesville,0,0,64,9
9/19/2025,East Noble,56,Leo,40,0,66,166
9/19/2025,Eastbrook,70,Blackford,6,0,67,15
9/19/2025,Eastern (Greentown),28,Carroll (Flora),27,0,68,30
9/19/2025,Eastern (Pekin),14,Eastern Greene,12,0,69,70
9/19/2025,Eastern Hancock,58,Knightstown,20,0,71,151
9/19/2025,Eastside,36,Garrett,0,0,72,106
9/19/2025,Edgewood,35,West Vigo,0,0,73,301
9/19/2025,Elkhart,56,New Prairie,28,0,75,196
9/19/2025,Evansville Memorial,38,Evansville Harrison,6,0,81,79
9/19/2025,Evansville North,49,Evansville Bosse,12,0,82,77
9/19/2025,Evansville Reitz,20,Evansville Central,7,0,83,78
9/19/2025,Floyd Central,34,Jeffersonville,12,0,87,146
9/19/2025,Fort Wayne Dwenger,15,Homestead,3,0,91,130
9/19/2025,Fort Wayne Luers,31,Fort Wayne North,28,2,92,93
9/19/2025,Fort Wayne Northrop,47,Fort Wayne Concordia,6,0,94,90
9/19/2025,Fort Wayne South,46,Fort Wayne Wayne,0,0,96,97
9/19/2025,Fountain Central,49,Attica,0,0,98,7
9/19/2025,Fremont,40,Central Noble,22,0,104,37
9/19/2025,Frontier,55,Benton Central,6,0,105,14
9/19/2025,Gibson Southern,41,Southridge,12,0,108,268
9/19/2025,Greencastle,51,North Putnam,48,0,110,209
9/19/2025,Greenfield-Central,28,Shelbyville,27,1,111,249
9/19/2025,Griffith,49,River Forest,7,0,115,241
9/19/2025,Hagerstown,76,Cambridge City Lincoln,12,0,117,28
9/19/2025,Hammond Noll,34,Calumet Christian,14,0,122,0
9/19/2025,Hancock County (Ky.),42,Tell City,7,0,0,276
9/19/2025,Hanover Central,17,Kankakee Valley,7,0,123,150
9/19/2025,Heritage Christian,49,Greenwood Christian,21,0,126,114
9/19/2025,Heritage Hills,49,Washington,7,0,127,295
9/19/2025,Huntington North,42,Bellmont,12,0,131,12
9/19/2025,Indianapolis Attucks,62,Purdue Englewood,0,0,133,238
9/19/2025,Indianapolis Cathedral,54,Southport,0,0,134,267
9/19/2025,Indianapolis Chatard,37,Brebeuf Jesuit,6,0,135,22
9/19/2025,Indianapolis Lutheran,42,Indianapolis Ritter,6,0,136,137
9/19/2025,Indianapolis Roncalli,49,Guerin Catholic,7,0,138,116
9/19/2025,Indianapolis Scecina,27,Covenant Christian,14,0,139,52
9/19/2025,Indianapolis Shortridge,36,Indianapolis Washington,0,0,140,142
9/19/2025,Irvington Prep,22,Christel House,14,0,143,40
9/19/2025,Jasper,28,Evansville Mater Dei,21,0,144,80
9/19/2025,Jennings County,41,Madison,20,0,147,172
9/19/2025,Knox,42,John Glenn,22,0,152,149
9/19/2025,Kokomo,56,Anderson,6,0,153,3
9/19/2025,Lafayette Jeff,64,Richmond,6,0,155,240
9/19/2025,Lakeland,33,Angola,27,0,158,5
9/19/2025,Lapel,29,Indian Creek,26,0,159,132
9/19/2025,LaPorte,27,Lake Central,16,0,160,156
9/19/2025,Lawrence Central,42,Pike,13,0,162,229
9/19/2025,Lawrence North,77,Arsenal Tech,0,0,163,6
9/19/2025,Lawrenceburg,40,Franklin County,6,0,164,102
9/19/2025,Lebanon,33,McCutcheon,27,0,165,177
9/19/2025,Linton,46,Boonville,14,0,168,20
9/19/2025,Logansport,45,Twin Lakes,28,0,169,287
9/19/2025,Lowell,42,Highland,7,0,170,128
9/19/2025,Maconaquah,31,Peru,28,0,171,228
9/19/2025,Madison-Grant,42,Elwood,7,0,173,76
9/19/2025,Manchester,35,Northfield,7,0,174,213
9/19/2025,Martinsville,42,Franklin,41,0,176,100
9/19/2025,Merrillville,44,Michigan City,7,0,178,179
9/19/2025,Mishawaka,59,Goshen,0,0,181,109
9/19/2025,Mississinewa,21,Alexandria,14,0,183,2
9/19/2025,Monroe Central,45,Indianapolis Tindley,20,0,185,141
9/19/2025,Monrovia,20,Beech Grove,13,0,186,11
9/19/2025,Mount Vernon (Posey),42,Princeton,35,0,189,236
9/19/2025,Muncie Central,41,Marion,21,0,190,175
9/19/2025,Munster,44,East Chicago Central,30,0,191,65
9/19/2025,New Haven,45,Norwell,14,0,194,218
9/19/2025,New Palestine,42,Pendleton Heights,6,0,195,224
9/19/2025,North Central (Indianapolis),41,Harrison (West Lafayette),28,0,199,124
9/19/2025,North Daviess,30,Cloverdale,23,0,200,45
9/19/2025,North Decatur,27,Switzerland County,0,0,201,273
9/19/2025,North Judson,41,Culver,0,0,203,57
9/19/2025,North Knox,41,North Central (Farmersburg),12,0,204,198
9/19/2025,North Posey,49,Pike Central,6,0,208,230
9/19/2025,North White,52,Faith Christian,40,0,211,85
9/19/2025,Northeastern,62,Union City,0,0,212,288
9/19/2025,Northview,70,Owen Valley,0,0,215,220
9/19/2025,Northwestern,50,Whitko,0,0,216,309
9/19/2025,NorthWood,22,Northridge,21,1,217,214
9/19/2025,Oak Hill,34,Frankton,15,0,219,103
9/19/2025,Paoli,42,West Washington,6,0,221,302
9/19/2025,Penn,54,Mishawaka Marian,14,0,225,182
9/19/2025,Pioneer,41,North Miami,22,0,231,205
9/19/2025,Plainfield,49,Greenwood,14,0,232,113
9/19/2025,Plymouth,21,Wawasee,20,0,233,296
9/19/2025,Riverton Parke,49,North Vermillion,3,0,242,210
9/19/2025,Rochester,34,Lewis Cass,0,0,243,167
9/19/2025,Rushville,32,Connersville,28,0,244,50
9/19/2025,Scottsburg,42,Silver Creek,0,0,246,252
9/19/2025,Seeger,42,Parke Heritage,2,0,247,223
9/19/2025,Shenandoah,41,Park Tudor,21,0,250,222
9/19/2025,Sheridan,40,Clinton Prairie,6,0,251,44
9/19/2025,South Adams,49,Fort Wayne Blackhawk,6,0,253,89
9/19/2025,South Bend Riley,33,South Bend Washington,16,0,255,257
9/19/2025,South Bend St. Joseph,42,South Bend Adams,0,0,256,254
9/19/2025,South Dearborn,39,Greensburg,16,0,259,112
9/19/2025,South Decatur,26,Brown County,20,0,260,24
9/19/2025,South Newton,34,Tri-County,18,0,261,283
9/19/2025,South Putnam,10,Sullivan,0,0,262,272
9/19/2025,South Spencer,42,Forest Park,14,0,263,88
9/19/2025,Southern Wells,34,Woodlan,21,0,265,312
9/19/2025,Southmont,28,Crawfordsville,0,0,266,55
9/19/2025,Springs Valley,26,Salem,7,0,271,245
9/19/2025,Stratford (Tenn.),19,Gary West,12,0,0,107
9/19/2025,Taylor,47,Clinton Central,8,0,274,43
9/19/2025,Tecumseh,39,Perry Central,0,0,275,226
9/19/2025,Tippecanoe Valley,38,LaVille,28,0,279,161
9/19/2025,Tipton,33,Rensselaer Central,14,0,280,239
9/19/2025,Triton,35,Winamac,6,0,284,310
9/19/2025,Triton Central,21,Speedway,10,0,285,270
9/19/2025,Tri-West,35,Danville,27,0,286,59
9/19/2025,Wabash,28,Southwood,20,0,292,269
9/19/2025,Warren Central,38,Ben Davis,23,0,293,13
9/19/2025,West Central,36,North Newton,7,0,298,207
9/19/2025,West Lafayette,34,Lafayette Central Catholic,27,0,299,154
9/19/2025,West Noble,41,Fairfield,14,0,300,84
9/19/2025,Western,22,Hamilton Heights,13,0,303,118
9/19/2025,Western Boone,42,North Montgomery,14,0,304,206
9/19/2025,Westfield,21,Hamilton Southeastern,17,0,305,119
9/19/2025,Whiteland,50,Perry Meridian,28,0,307,227
9/19/2025,Winchester,53,Union County,0,0,311,289
9/19/2025,Yorktown,44,New Castle,6,0,313,193
9/19/2025,Zionsville,30,Noblesville,7,0,314,197
9/20/2025,Hammond Morton,62,Phalen Academy,0,0,121,0
9/20/2025,Lake Station,36,Whiting,28,0,157,308
9/26/2025,Adams Central,35,South Adams,7,0,1,253
9/26/2025,Alexandria,27,Oak Hill,21,0,2,219
9/26/2025,Andrean,52,Highland,13,0,4,128
9/26/2025,Andrew (Ill.),52,Hammond Central,0,0,0,120
9/26/2025,Angola,35,Fairfield,8,0,5,84
9/26/2025,Arsenal Tech,16,Indianapolis Washington,6,0,6,142
9/26/2025,Attica,26,North Vermillion,20,0,7,210
9/26/2025,Bedford North Lawrence,63,Jennings County,0,0,10,147
9/26/2025,Beech Grove,12,Edgewood,0,0,11,73
9/26/2025,Bloomington North,36,Jeffersonville,3,0,16,146
9/26/2025,Bloomington South,54,Southport,7,0,17,267
9/26/2025,Bluffton,47,Southern Wells,14,0,18,265
9/26/2025,Boone Grove,42,River Forest,24,0,19,241
9/26/2025,Bowman Academy,30,North White,0,0,21,211
9/26/2025,Bremen,15,John Glenn,14,0,23,149
9/26/2025,Brownsburg,14,Westfield,10,0,25,305
9/26/2025,Brownstown Central,59,Seymour,13,0,26,248
9/26/2025,Calumet,59,Whiting,7,0,27,308
9/26/2025,Carmel,63,North Central (Indianapolis),14,0,29,199
9/26/2025,Carroll (Fort Wayne),42,Fort Wayne South,6,0,31,96
9/26/2025,Cascade,55,Crawfordsville,3,0,32,55
9/26/2025,Castle,28,Evansville Reitz,25,0,33,83
9/26/2025,Center Grove,36,Lawrence Central,0,0,35,162
9/26/2025,Charlestown,20,Scottsburg,17,0,38,246
9/26/2025,Chesterton,36,Portage,16,0,39,234
9/26/2025,Churubusco,36,Fremont,14,0,41,104
9/26/2025,Clarksville,34,Perry Central,32,0,42,226
9/26/2025,Clinton Prairie,38,Delphi,0,0,44,62
9/26/2025,Cloverdale,47,South Decatur,3,0,45,260
9/26/2025,Columbia City,42,New Haven,13,0,46,194
9/26/2025,Columbus North,42,Terre Haute North,0,0,48,277
9/26/2025,Concord,44,NorthWood,34,0,49,217
9/26/2025,Crimson Knights,38,Irvington Prep,12,0,0,143
9/26/2025,Crown Point,35,Valparaiso,14,0,56,290
9/26/2025,Culver,12,Caston,7,0,57,34
9/26/2025,Culver Academy,14,Kankakee Valley,3,0,58,150
9/26/2025,Danville,37,Cincinnati Bacon (Ohio),13,0,59,0
9/26/2025,Decatur Central,37,Plainfield,19,0,60,232
9/26/2025,DeKalb,42,Huntington North,28,0,61,131
9/26/2025,Delta,27,New Castle,20,0,63,193
9/26/2025,East Central,66,South Dearborn,6,0,64,259
9/26/2025,East Noble,35,Norwell,0,0,66,218
9/26/2025,Eastbrook,42,Elwood,0,0,67,76
9/26/2025,Eastern (Greentown),63,Clinton Central,6,0,68,43
9/26/2025,Eastern Hancock,52,Park Tudor,0,0,71,222
9/26/2025,Eastside,42,Prairie Heights,0,0,72,235
9/26/2025,Evansville Memorial,56,Evansville Bosse,6,0,81,77
9/26/2025,Evansville North,49,Evansville Mater Dei,18,0,82,80
9/26/2025,Fishers,29,Avon,15,0,86,8
9/26/2025,Floyd Central,56,Columbus East,28,0,87,47
9/26/2025,Forest Park,34,Pike Central,26,0,88,230
9/26/2025,Fort Wayne Luers,42,Fort Wayne Concordia,0,0,92,90
9/26/2025,Fort Wayne North,51,Fort Wayne Wayne,7,0,93,97
9/26/2025,Fort Wayne Northrop,21,Fort Wayne Dwenger,18,0,94,91
9/26/2025,Franklin,28,Mooresville,17,0,100,187
9/26/2025,Franklin Central,37,Noblesville,10,0,101,197
9/26/2025,Franklin County,21,Greensburg,7,0,102,112
9/26/2025,Frontier,55,North Newton,19,0,105,207
9/26/2025,Gibson Southern,38,Heritage Hills,34,0,108,127
9/26/2025,Goshen,24,Wawasee,15,0,109,296
9/26/2025,Greencastle,48,North Montgomery,42,0,110,206
9/26/2025,Greenwood,35,Perry Meridian,20,0,113,227
9/26/2025,Griffith,44,East Chicago Central,8,0,115,65
9/26/2025,Hamilton Heights,22,Logansport,14,0,118,169
9/26/2025,Hanover Central,30,Munster,10,0,123,191
9/26/2025,Harrison (West Lafayette),21,McCutcheon,7,0,124,177
9/26/2025,Heritage,30,Tipton,20,0,125,280
9/26/2025,Heritage Christian,40,Indianapolis Ritter,14,0,126,137
9/26/2025,Homestead,38,Fort Wayne Snider,0,0,130,95
9/26/2025,Indianapolis Attucks,30,Connersville,6,0,133,50
9/26/2025,Indianapolis Cathedral,32,Trotwood-Madison (Ohio),28,0,134,0
9/26/2025,Indianapolis Chatard,56,Guerin Catholic,14,0,135,116
9/26/2025,Indianapolis Lutheran,24,Covenant Christian,7,0,136,52
9/26/2025,Indianapolis Roncalli,45,Brebeuf Jesuit,7,0,138,22
9/26/2025,Indianapolis Scecina,50,Greenwood Christian,29,0,139,114
9/26/2025,Indianapolis Shortridge,55,Christel House,0,0,140,40
9/26/2025,Jasper,47,Evansville Central,12,0,144,78
9/26/2025,Jay County,21,Woodlan,7,0,145,312
9/26/2025,Knightstown,89,Cambridge City Lincoln,0,0,151,28
9/26/2025,Knox,62,LaVille,16,0,152,161
9/26/2025,Kokomo,50,Marion,22,0,153,175
9/26/2025,Lafayette Jeff,77,Anderson,0,0,155,3
9/26/2025,Lake Station,36,Hammond Noll,31,0,157,122
9/26/2025,Lakeland,42,Central Noble,8,0,158,37
9/26/2025,Lapel,41,Rushville,8,0,159,244
9/26/2025,Lawrence North,48,Ben Davis,19,0,163,13
9/26/2025,Lawrenceburg,48,Batesville,6,0,164,9
9/26/2025,Lebanon,21,Triton Central,14,0,165,285
9/26/2025,Leo,47,Bellmont,0,0,166,12
9/26/2025,Lewis Cass,48,Whitko,13,0,167,309
9/26/2025,Linton,38,North Decatur,20,0,168,201
9/26/2025,Lowell,20,Hobart,17,0,170,129
9/26/2025,Maconaquah,42,Northwestern,28,0,171,216
9/26/2025,Madison-Grant,26,Frankton,6,0,173,103
9/26/2025,Manchester,46,Southwood,7,0,174,269
9/26/2025,Merrillville,38,LaPorte,0,0,178,160
9/26/2025,Michigan City,37,Lake Central,17,0,179,156
9/26/2025,Milan,68,Brown County,8,0,180,24
9/26/2025,Mishawaka,35,Northridge,20,0,181,214
9/26/2025,Mississinewa,56,Blackford,13,0,183,15
9/26/2025,Monroe Central,21,Wes-Del,14,0,185,297
9/26/2025,Monrovia,27,Speedway,6,0,186,270
9/26/2025,Muncie Central,54,Richmond,20,0,190,240
9/26/2025,New Palestine,49,Greenfield-Central,0,0,195,111
9/26/2025,New Prairie,45,South Bend Riley,42,0,196,255
9/26/2025,North Central (Farmersburg),41,Mitchell,6,0,198,184
9/26/2025,North Daviess,26,West Washington,14,0,200,302
9/26/2025,North Harrison,48,Eastern (Pekin),6,0,202,69
9/26/2025,North Judson,10,Triton,7,0,203,284
9/26/2025,North Miami,44,Winamac,14,0,205,310
9/26/2025,North Posey,49,South Spencer,28,0,208,263
9/26/2025,Northeastern,29,Centerville,27,0,212,36
9/26/2025,Northfield,47,Wabash,41,0,213,292
9/26/2025,Paoli,63,Eastern Greene,20,0,221,70
9/26/2025,Parke Heritage,28,Covington,15,0,223,53
9/26/2025,Pendleton Heights,56,Mount Vernon (Fortville),13,0,224,188
9/26/2025,Penn,42,South Bend Adams,7,0,225,254
9/26/2025,Pioneer,49,South Central (Union Mills),7,0,231,258
9/26/2025,Princeton,33,North Knox,29,0,236,204
9/26/2025,Providence,49,Madison,0,0,237,172
9/26/2025,Purdue Englewood,18,Indianapolis Tindley,0,0,238,141
9/26/2025,Rensselaer Central,40,Lafayette Central Catholic,7,0,239,154
9/26/2025,Riverton Parke,61,South Vermillion,6,0,242,264
9/26/2025,Rochester,50,Peru,0,0,243,228
9/26/2025,Salem,53,Corydon Central,33,0,245,51
9/26/2025,Seeger,31,Fountain Central,14,0,247,98
9/26/2025,Shenandoah,48,Hagerstown,27,0,250,117
9/26/2025,Sheridan,22,Taylor,13,0,251,274
9/26/2025,Silver Creek,23,New Albany,22,0,252,192
9/26/2025,South Bend St. Joseph,21,Elkhart,14,0,256,75
9/26/2025,South Bend Washington,28,Mishawaka Marian,21,0,257,182
9/26/2025,South Putnam,69,West Vigo,13,0,262,301
9/26/2025,Southmont,40,North Putnam,14,0,266,209
9/26/2025,Southridge,21,Mount Vernon (Posey),6,0,268,189
9/26/2025,Springs Valley,47,Crawford County,6,0,271,54
9/26/2025,Sullivan,63,Owen Valley,0,0,272,220
9/26/2025,Switzerland County,48,Edinburgh,6,0,273,74
9/26/2025,Tecumseh,24,Tell City,0,0,275,276
9/26/2025,Terre Haute South,37,Northview,26,0,278,215
9/26/2025,Tippecanoe Valley,33,Jimtown,0,0,279,148
9/26/2025,Toledo Christian (Ohio),27,Fort Wayne Blackhawk,0,0,0,89
9/26/2025,Tri-County,50,Faith Christian,48,0,283,85
9/26/2025,Tri-West,31,Indian Creek,24,0,286,132
9/26/2025,Twin Lakes,75,Benton Central,6,0,287,14
9/26/2025,Union City,63,Union County,8,0,288,289
9/26/2025,Vincennes Lincoln,49,Evansville Harrison,7,0,291,79
9/26/2025,Warren Central,31,Pike,28,1,293,229
9/26/2025,Warsaw,42,Plymouth,14,0,294,233
9/26/2025,Washington,26,Boonville,14,0,295,20
9/26/2025,West Central,52,South Newton,6,0,298,261
9/26/2025,West Noble,17,Garrett,6,0,300,106
9/26/2025,Western,34,West Lafayette,20,0,303,299
9/26/2025,Western Boone,61,Frankfort,0,0,304,99
9/26/2025,Wheeler,42,Gary West,26,0,306,107
9/26/2025,Whiteland,41,Martinsville,13,0,307,176
9/26/2025,Winchester,22,Tri,14,0,311,281
9/26/2025,Yorktown,48,Shelbyville,28,0,313,249
9/26/2025,Zionsville,35,Hamilton Southeastern,29,0,314,119
9/27/2025,Hammond Morton,57,Calumet Christian,0,0,121,0
10/3/2025,Adams Central,48,Southern Wells,7,0,1,265
10/3/2025,Alexandria,40,Frankton,0,0,2,103
10/3/2025,Andrean,35,Angola,7,0,4,5
10/3/2025,Beech Grove,46,Speedway,13,0,11,270
10/3/2025,Bloomington North,42,Columbus East,0,0,16,47
10/3/2025,Bloomington South,55,Columbus North,24,0,17,48
10/3/2025,Bluffton,35,Heritage,0,0,18,125
10/3/2025,Boone Grove,28,Whiting,16,0,19,308
10/3/2025,Boonville,34,Princeton,6,0,20,236
10/3/2025,Brebeuf Jesuit,42,Arsenal Tech,7,0,22,6
10/3/2025,Bremen,40,Culver Academy,24,0,23,58
10/3/2025,Brownsburg,38,Zionsville,6,0,25,314
10/3/2025,Brownstown Central,63,Madison,7,0,26,172
10/3/2025,Carmel,43,Ben Davis,0,0,29,13
10/3/2025,Carroll (Flora),49,Clinton Central,8,0,30,43
10/3/2025,Carroll (Fort Wayne),49,Homestead,0,0,31,130
10/3/2025,Cascade,98,Greencastle,13,0,32,110
10/3/2025,Centerville,64,Union County,0,0,36,289
10/3/2025,Charlestown,27,Corydon Central,26,0,38,51
10/3/2025,Chesterton,27,Lake Central,6,0,39,156
10/3/2025,Churubusco,62,Central Noble,3,0,41,37
10/3/2025,Cincinnati LaSalle (Ohio),22,Indianapolis Roncalli,14,0,0,138
10/3/2025,Cloverdale,67,Brown County,0,0,45,24
10/3/2025,Concord,42,Goshen,0,0,49,109
10/3/2025,Crawfordsville,39,North Montgomery,28,0,55,206
10/3/2025,Crown Point,42,LaPorte,7,0,56,160
10/3/2025,Decatur Central,69,Greenwood,7,0,60,113
10/3/2025,DeKalb,42,Norwell,0,0,61,218
10/3/2025,East Central,63,Connersville,0,0,64,50
10/3/2025,East Chicago Central,58,Lake Station,20,0,65,157
10/3/2025,East Noble,41,Columbia City,10,0,66,46
10/3/2025,Eastbrook,31,Madison-Grant,26,0,67,173
10/3/2025,Eastern (Greentown),67,Phalen Academy,0,0,68,0
10/3/2025,Eastern Hancock,40,Milan,7,0,71,180
10/3/2025,Eastside,42,Fremont,13,0,72,104
10/3/2025,Evansville Harrison,28,Evansville Central,14,0,79,78
10/3/2025,Evansville Mater Dei,42,Evansville Bosse,0,0,80,77
10/3/2025,Evansville Memorial,28,Evansville Reitz,7,0,81,83
10/3/2025,Evansville North,28,Vincennes Lincoln,22,0,82,291
10/3/2025,Fishers,36,Franklin Central,35,1,86,101
10/3/2025,Floyd Central,41,Bedford North Lawrence,22,0,87,10
10/3/2025,Fort Wayne Blackhawk,66,Irvington Prep,0,0,89,143
10/3/2025,Fort Wayne Concordia,21,Fort Wayne Wayne,20,0,90,97
10/3/2025,Fort Wayne Dwenger,27,Fort Wayne Luers,7,0,91,92
10/3/2025,Fort Wayne North,28,Fort Wayne South,13,0,93,96
10/3/2025,Fort Wayne Northrop,35,Fort Wayne Snider,14,0,94,95
10/3/2025,Fountain Central,51,South Vermillion,6,0,98,264
10/3/2025,Franklin County,28,South Dearborn,10,0,102,259
10/3/2025,Frontier,62,Tri-County,8,0,105,283
10/3/2025,Garrett,21,Fairfield,14,1,106,84
10/3/2025,Gibson Southern,56,Washington,0,0,108,295
10/3/2025,Greensburg,31,Batesville,30,0,112,9
10/3/2025,Griffith,49,Gary West,12,0,115,107
10/3/2025,Hamilton Heights,25,Twin Lakes,17,0,118,287
10/3/2025,Hamilton Southeastern,31,Noblesville,6,0,119,197
10/3/2025,Hammond Morton,76,Hammond Central,0,0,121,120
10/3/2025,Heritage Hills,69,Mount Vernon (Posey),7,0,127,189
10/3/2025,Hobart,42,Hanover Central,23,0,129,123
10/3/2025,Indianapolis Attucks,58,Indianapolis Shortridge,6,0,133,140
10/3/2025,Indianapolis Cathedral,21,Center Grove,15,0,134,35
10/3/2025,Indianapolis Chatard,40,Harrison (West Lafayette),24,0,135,124
10/3/2025,Indianapolis Lutheran,65,Greenwood Christian,16,0,136,114
10/3/2025,Indianapolis Ritter,38,Covenant Christian,7,0,137,52
10/3/2025,Indianapolis Washington,6,Purdue Englewood,0,0,142,238
10/3/2025,Jasper,28,Castle,7,0,144,33
10/3/2025,Jeffersonville,42,New Albany,27,0,146,192
10/3/2025,Knightstown,61,Tri,59,1,151,281
10/3/2025,Knox,56,Jimtown,13,0,152,148
10/3/2025,Lafayette Jeff,49,Kokomo,16,0,155,153
10/3/2025,Lapel,35,Heritage Christian,7,0,159,126
10/3/2025,LaVille,45,John Glenn,0,0,161,149
10/3/2025,Lawrence Central,49,North Central (Indianapolis),14,0,162,199
10/3/2025,Lawrence North,63,Warren Central,48,0,163,293
10/3/2025,Lawrenceburg,63,Rushville,0,0,164,244
10/3/2025,Lebanon,38,Danville,35,0,165,59
10/3/2025,Leo,35,Huntington North,28,0,166,131
10/3/2025,Linton,54,North Knox,7,0,168,204
10/3/2025,Logansport,44,West Lafayette,43,1,169,299
10/3/2025,Lowell,56,Kankakee Valley,14,0,170,150
10/3/2025,Maconaquah,21,Lewis Cass,13,0,171,167
10/3/2025,Manchester,42,Whitko,0,0,174,309
10/3/2025,Martinsville,46,Perry Meridian,21,0,176,227
10/3/2025,Merrillville,48,Valparaiso,21,0,178,290
10/3/2025,Michigan City,43,Portage,3,0,179,234
10/3/2025,Mishawaka,42,Warsaw,21,0,181,294
10/3/2025,Mississinewa,48,Elwood,0,0,183,76
10/3/2025,Muncie Central,42,Anderson,6,0,190,3
10/3/2025,Munster,35,Highland,0,0,191,128
10/3/2025,New Castle,57,Mount Vernon (Fortville),28,0,193,188
10/3/2025,New Haven,45,Bellmont,22,0,194,12
10/3/2025,New Palestine,65,Shelbyville,3,0,195,249
10/3/2025,New Prairie,34,Mishawaka Marian,30,0,196,182
10/3/2025,North Central (Farmersburg),71,Edinburgh,0,0,198,74
10/3/2025,North Daviess,52,Mitchell,6,0,200,184
10/3/2025,North Decatur,59,Eastern Greene,14,0,201,70
10/3/2025,North Judson,56,Winamac,14,0,203,310
10/3/2025,North Miami,53,South Central (Union Mills),6,0,205,258
10/3/2025,North Posey,42,Forest Park,7,0,208,88
10/3/2025,North Putnam,57,Frankfort,12,0,209,99
10/3/2025,Northridge,42,Wawasee,7,0,214,296
10/3/2025,Northview,48,South Putnam,33,0,215,262
10/3/2025,Northwestern,48,Wabash,13,0,216,292
10/3/2025,NorthWood,41,Plymouth,14,0,217,233
10/3/2025,Oak Hill,54,Blackford,6,0,219,15
10/3/2025,Osceola Grace,33,Monroe Central,30,0,0,185
10/3/2025,Owen Valley,47,West Vigo,15,0,220,301
10/3/2025,Paoli,49,Crawford County,14,0,221,54
10/3/2025,Parke Heritage,46,North Vermillion,20,0,223,210
10/3/2025,Pendleton Heights,49,Delta,6,0,224,63
10/3/2025,Penn,37,Elkhart,12,0,225,75
10/3/2025,Pike,41,Guerin Catholic,21,0,229,116
10/3/2025,Pioneer,35,Culver,0,0,231,57
10/3/2025,Plainfield,30,Franklin,6,0,232,100
10/3/2025,Providence,51,Indianapolis Scecina,7,0,237,139
10/3/2025,Rensselaer Central,51,Benton Central,0,0,239,14
10/3/2025,Richmond,35,Marion,34,0,240,175
10/3/2025,River Forest,29,Hammond Noll,6,0,241,122
10/3/2025,Riverton Parke,59,Attica,6,0,242,7
10/3/2025,Rochester,51,Northfield,14,0,243,213
10/3/2025,Salem,44,Eastern (Pekin),14,0,245,69
10/3/2025,Scottsburg,70,Clarksville,7,0,246,42
10/3/2025,Seeger,45,Covington,8,0,247,53
10/3/2025,Seymour,44,Jennings County,7,0,248,147
10/3/2025,Shenandoah,50,Northeastern,43,0,250,212
10/3/2025,Sheridan,45,Delphi,6,0,251,62
10/3/2025,Silver Creek,41,North Harrison,28,0,252,202
10/3/2025,South Adams,42,Jay County,16,0,253,145
10/3/2025,South Bend Adams,28,South Bend Washington,7,0,254,257
10/3/2025,South Bend St. Joseph,21,South Bend Riley,6,0,256,255
10/3/2025,South Spencer,41,Pike Central,33,0,263,230
10/3/2025,Southmont,26,Western Boone,23,0,266,304
10/3/2025,Southport,36,Terre Haute North,0,0,267,277
10/3/2025,Southridge,63,Tell City,14,0,268,276
10/3/2025,Southwood,20,Peru,14,0,269,228
10/3/2025,Springs Valley,31,Tecumseh,0,0,271,275
10/3/2025,Sullivan,28,Edgewood,21,0,272,73
10/3/2025,Taylor,40,Clinton Prairie,8,0,274,44
10/3/2025,Terre Haute South,34,McCutcheon,7,0,278,177
10/3/2025,Tippecanoe Valley,38,Western,7,0,279,303
10/3/2025,Tipton,49,Lafayette Central Catholic,7,0,280,154
10/3/2025,Tri-Central,44,Christel House,14,0,282,40
10/3/2025,Triton,28,Caston,16,0,284,34
10/3/2025,Triton Central,17,Indian Creek,14,0,285,132
10/3/2025,Tri-West,42,Monrovia,6,0,286,186
10/3/2025,Union City,92,Cambridge City Lincoln,6,0,288,28
10/3/2025,Wes-Del,58,Park Tudor,50,1,297,222
10/3/2025,West Central,72,Faith Christian,14,0,298,85
10/3/2025,West Noble,34,Lakeland,7,0,300,158
10/3/2025,West Washington,49,Perry Central,8,0,302,226
10/3/2025,Westfield,38,Avon,21,0,305,8
10/3/2025,Wheeler,21,Calumet,16,0,306,27
10/3/2025,Whiteland,35,Mooresville,14,0,307,187
10/3/2025,Winchester,42,Hagerstown,14,0,311,117
10/3/2025,Woodlan,30,Prairie Heights,6,0,312,235
10/3/2025,Yorktown,35,Greenfield-Central,0,0,313,111
10/4/2025,Bowman Academy,34,North Newton,14,0,21,207
10/4/2025,South Newton,16,North White,14,0,261,211
10/10/2025,Adams Central,47,Bluffton,17,0,1,18
10/10/2025,Alexandria,49,Madison-Grant,30,0,2,173
10/10/2025,Andrean,21,Hanover Central,0,0,4,123
10/10/2025,Angola,14,Garrett,11,0,5,106
10/10/2025,Arsenal Tech,22,Indianapolis Shortridge,19,0,6,140
10/10/2025,Avon,14,Zionsville,7,0,8,314
10/10/2025,Bedford North Lawrence,31,Monrovia,26,0,10,186
10/10/2025,Ben Davis,31,Lawrence Central,30,0,13,162
10/10/2025,Bloomington North,31,Columbus North,28,0,16,48
10/10/2025,Bloomington South,38,Brebeuf Jesuit,7,0,17,22
10/10/2025,Bowman Academy,47,Tri-County,14,0,21,283
10/10/2025,Brownsburg,42,Noblesville,7,0,25,197
10/10/2025,Brownstown Central,63,Silver Creek,14,0,26,252
10/10/2025,Carmel,42,Warren Central,7,0,29,293
10/10/2025,Carroll (Flora),51,Clinton Prairie,18,0,30,44
10/10/2025,Carroll (Fort Wayne),48,Fort Wayne Northrop,37,0,31,94
10/10/2025,Cascade,46,Southmont,0,0,32,266
10/10/2025,Castle,42,Evansville Central,7,0,33,78
10/10/2025,Center Grove,38,Lawrence North,35,0,35,163
10/10/2025,Centerville,63,Union City,7,0,36,288
10/10/2025,Churubusco,24,West Noble,23,0,41,300
10/10/2025,Clinton Central,40,Delphi,20,0,43,62
10/10/2025,Cloverdale,55,West Vigo,3,0,45,301
10/10/2025,Columbus East,28,Jeffersonville,7,0,47,146
10/10/2025,Concord,49,Wawasee,21,0,49,296
10/10/2025,Covenant Christian,37,Greenwood Christian,20,0,52,114
10/10/2025,Covington,53,Attica,0,0,53,7
10/10/2025,Covington Catholic (Ky.),17,Indianapolis Cathedral,10,0,0,134
10/10/2025,Crown Point,48,Chesterton,10,0,56,39
10/10/2025,Danville,29,McCutcheon,23,0,59,177
10/10/2025,Decatur Central,42,Perry Meridian,0,0,60,227
10/10/2025,DeKalb,55,Bellmont,0,0,61,12
10/10/2025,East Central,61,Greensburg,0,0,64,112
10/10/2025,East Chicago Central,22,Hammond Central,12,0,65,120
10/10/2025,East Noble,59,New Haven,21,0,66,194
10/10/2025,Eastbrook,35,Mississinewa,14,0,67,183
10/10/2025,Eastern (Greentown),47,Sheridan,18,0,68,251
10/10/2025,Eastern Hancock,14,Shenandoah,6,0,71,250
10/10/2025,Eastside,70,Central Noble,13,0,72,37
10/10/2025,Elkhart,59,Mishawaka Marian,14,0,75,182
10/10/2025,Evansville Mater Dei,44,Evansville Harrison,7,0,80,79
10/10/2025,Evansville Memorial,21,Vincennes Lincoln,0,0,81,291
10/10/2025,Evansville North,21,Jasper,14,0,82,144
10/10/2025,Evansville Reitz,58,Evansville Bosse,0,0,83,77
10/10/2025,Faith Christian,36,South Newton,28,0,85,261
10/10/2025,Floyd Central,63,Jennings County,0,0,87,147
10/10/2025,Fort Wayne Dwenger,26,Fort Wayne Snider,6,0,91,95
10/10/2025,Fort Wayne Luers,17,Fort Wayne Wayne,7,0,92,97
10/10/2025,Fort Wayne South,42,Fort Wayne Concordia,7,0,96,90
10/10/2025,Fountain Central,51,North Vermillion,0,0,98,210
10/10/2025,Franklin,31,Greenwood,14,0,100,113
10/10/2025,Franklin County,49,Batesville,6,0,102,9
10/10/2025,Frankton,40,Blackford,13,0,103,15
10/10/2025,Fremont,45,Prairie Heights,6,0,104,235
10/10/2025,Frontier,32,West Central,12,0,105,298
10/10/2025,Gary West,36,Hammond Noll,6,0,107,122
10/10/2025,Gibson Southern,42,Boonville,19,0,108,20
10/10/2025,Greencastle,38,Crawfordsville,14,0,110,55
10/10/2025,Greenfield-Central,24,Delta,13,0,111,63
10/10/2025,Griffith,63,Calumet,14,0,115,27
10/10/2025,Guerin Catholic,35,Culver Academy,21,0,116,58
10/10/2025,Hamilton Heights,26,Tipton,13,0,118,280
10/10/2025,Hamilton Southeastern,38,Franklin Central,35,0,119,101
10/10/2025,Heritage,42,Southern Wells,7,0,125,265
10/10/2025,Heritage Hills,56,North Posey,0,0,127,208
10/10/2025,Hobart,29,Hammond Morton,18,0,129,121
10/10/2025,Homestead,25,Fort Wayne North,0,0,130,93
10/10/2025,Huntington North,48,Norwell,7,0,131,218
10/10/2025,Indian Creek,42,Speedway,7,0,132,270
10/10/2025,Indianapolis Attucks,74,Indianapolis Washington,0,0,133,142
10/10/2025,Indianapolis Chatard,42,Tri-West,13,0,135,286
10/10/2025,Indianapolis Lutheran,55,Heritage Christian,20,0,136,126
10/10/2025,Indianapolis Roncalli,57,Harrison (West Lafayette),20,0,138,124
10/10/2025,Indianapolis Scecina,12,Indianapolis Ritter,6,0,139,137
10/10/2025,Kankakee Valley,27,Highland,10,0,150,128
10/10/2025,Knox,44,Bremen,15,0,152,23
10/10/2025,Lafayette Central Catholic,69,Benton Central,8,0,154,14
10/10/2025,Lafayette Jeff,53,Marion,8,0,155,175
10/10/2025,Lake Station,29,Boone Grove,8,0,157,19
10/10/2025,Lakeland,17,Fairfield,6,0,158,84
10/10/2025,Lapel,42,Jay County,14,0,159,145
10/10/2025,LaVille,28,Jimtown,27,1,161,148
10/10/2025,Lawrenceburg,55,Connersville,14,0,164,50
10/10/2025,Lebanon,34,Terre Haute North,6,0,165,277
10/10/2025,Leo,30,Columbia City,7,0,166,46
10/10/2025,Lewis Cass,42,Wabash,7,0,167,292
10/10/2025,Linton,44,Eastern Greene,14,0,168,70
10/10/2025,Lowell,49,Munster,14,0,170,191
10/10/2025,Maconaquah,29,Manchester,28,0,171,174
10/10/2025,Madison,37,Corydon Central,23,0,172,51
10/10/2025,Merrillville,42,Lake Central,18,0,178,156
10/10/2025,Michigan City,20,LaPorte,7,0,179,160
10/10/2025,Milan,48,South Decatur,0,0,180,260
10/10/2025,Mishawaka,28,Plymouth,0,0,181,233
10/10/2025,Monroe Central,56,Fort Wayne Blackhawk,28,0,185,89
10/10/2025,Mooresville,31,Martinsville,17,0,187,176
10/10/2025,Mount Vernon (Posey),24,Washington,9,0,189,295
10/10/2025,Muncie Central,21,Kokomo,16,0,190,153
10/10/2025,New Palestine,70,New Castle,0,0,195,193
10/10/2025,North Central (Farmersburg),20,South Spencer,13,0,198,263
10/10/2025,North Daviess,36,North Knox,20,0,200,204
10/10/2025,North Harrison,56,Clarksville,26,0,202,42
10/10/2025,North Judson,35,Caston,0,0,203,34
10/10/2025,North Miami,37,Culver,0,0,205,57
10/10/2025,North Montgomery,44,Frankfort,8,0,206,99
10/10/2025,North Newton,15,North White,12,0,207,211
10/10/2025,Northeastern,61,Knightstown,33,0,212,151
10/10/2025,Northridge,49,Goshen,21,0,214,109
10/10/2025,Northview,35,Edgewood,7,0,215,73
10/10/2025,Oak Hill,42,Elwood,0,0,219,76
10/10/2025,Paoli,57,Mitchell,6,0,221,184
10/10/2025,Pendleton Heights,24,Yorktown,22,0,224,313
10/10/2025,Penn,49,New Prairie,0,0,225,196
10/10/2025,Peru,22,Northfield,14,0,228,213
10/10/2025,Phalen Academy,22,Indianapolis Tindley,6,0,0,141
10/10/2025,Pike,46,North Central (Indianapolis),28,0,229,199
10/10/2025,Pioneer,42,Triton,0,0,231,284
10/10/2025,Purdue Englewood,68,Christel House,0,0,238,40
10/10/2025,Rensselaer Central,57,River Forest,17,0,239,241
10/10/2025,Richmond,38,Anderson,21,0,240,3
10/10/2025,Riverton Parke,74,Parke Heritage,6,0,242,223
10/10/2025,Rochester,49,Northwestern,7,0,243,216
10/10/2025,Rushville,26,South Dearborn,21,0,244,259
10/10/2025,Salem,21,Charlestown,20,0,245,38
10/10/2025,Scottsburg,64,Eastern (Pekin),0,0,246,69
10/10/2025,Seeger,56,South Vermillion,20,0,247,264
10/10/2025,Seymour,34,New Albany,27,0,248,192
10/10/2025,Shelbyville,49,Mount Vernon (Fortville),21,0,249,188
10/10/2025,South Adams,51,Woodlan,14,0,253,312
10/10/2025,South Bend Adams,10,South Bend Riley,8,0,254,255
10/10/2025,South Bend St. Joseph,42,South Bend Washington,12,0,256,257
10/10/2025,South Putnam,63,Owen Valley,0,0,262,220
10/10/2025,Southridge,48,Princeton,14,0,268,236
10/10/2025,Southwood,30,Whitko,6,0,269,309
10/10/2025,Springs Valley,53,Perry Central,6,0,271,226
10/10/2025,Sullivan,77,Park Tudor,20,0,272,222
10/10/2025,Switzerland County,71,Brown County,0,0,273,24
10/10/2025,Tecumseh,36,Pike Central,0,0,275,230
10/10/2025,Tell City,38,Forest Park,0,0,276,88
10/10/2025,Terre Haute South,48,Southport,0,0,278,267
10/10/2025,Tippecanoe Valley,42,John Glenn,7,0,279,149
10/10/2025,Tri,38,Hagerstown,19,0,281,117
10/10/2025,Triton Central,24,Beech Grove,20,0,285,11
10/10/2025,Twin Lakes,21,West Lafayette,7,0,287,299
10/10/2025,Valparaiso,34,Portage,3,0,290,234
10/10/2025,Warsaw,28,NorthWood,7,0,294,217
10/10/2025,Wes-Del,83,Union County,0,0,297,289
10/10/2025,West Washington,48,Crawford County,6,0,302,54
10/10/2025,Western,35,Logansport,34,0,303,169
10/10/2025,Western Boone,40,North Putnam,26,0,304,209
10/10/2025,Westfield,14,Fishers,7,0,305,86
10/10/2025,Wheeler,52,Whiting,0,0,306,308
10/10/2025,Whiteland,30,Plainfield,20,0,307,232
10/10/2025,Winamac,38,South Central (Union Mills),16,0,310,258
10/10/2025,Winchester,63,Cambridge City Lincoln,8,0,311,28
10/16/2025,Knox,64,Bowman Academy,0,0,152,21
10/17/2025,Adams Central,57,Woodlan,18,0,1,312
10/17/2025,Alexandria,64,Blackford,0,0,2,15
10/17/2025,Andrean,19,Lowell,3,0,4,170
10/17/2025,Arsenal Tech,54,Christel House,0,0,6,40
10/17/2025,Avon,31,Noblesville,10,0,8,197
10/17/2025,Beech Grove,20,Tri-West,17,0,11,286
10/17/2025,Ben Davis,69,North Central (Indianapolis),35,0,13,199
10/17/2025,Bloomington North,57,Southport,0,0,16,267
10/17/2025,Bluffton,55,Fort Wayne Blackhawk,0,0,18,89
10/17/2025,Boone Grove,21,Hammond Noll,14,0,19,122
10/17/2025,Brebeuf Jesuit,47,Terre Haute North,7,0,22,277
10/17/2025,Brown County,37,Trinity Lutheran,0,0,24,0
10/17/2025,Brownsburg,35,Hamilton Southeastern,7,0,25,119
10/17/2025,Brownstown Central,34,Scottsburg,14,0,26,246
10/17/2025,Carmel,36,Lawrence Central,33,0,29,162
10/17/2025,Carroll (Fort Wayne),35,Fort Wayne Luers,10,0,31,92
10/17/2025,Cascade,56,Western Boone,7,0,32,304
10/17/2025,Caston,35,Winamac,13,0,34,310
10/17/2025,Center Grove,33,Bloomington South,12,0,35,17
10/17/2025,Centerville,35,Knightstown,28,0,36,151
10/17/2025,Charlestown,49,Eastern (Pekin),6,0,38,69
10/17/2025,Churubusco,27,Fairfield,0,0,41,84
10/17/2025,Cincinnati Elder (Ohio),28,Indianapolis Chatard,7,0,0,135
10/17/2025,Clarksville,21,Crawford County,20,0,42,54
10/17/2025,Columbia City,42,Norwell,14,0,46,218
10/17/2025,Columbus East,20,Bedford North Lawrence,17,0,47,10
10/17/2025,Concord,45,Plymouth,14,0,49,233
10/17/2025,Connersville,41,Batesville,34,0,50,9
10/17/2025,Corydon Central,32,Silver Creek,21,0,51,252
10/17/2025,Crawfordsville,49,Frankfort,12,0,55,99
10/17/2025,Crown Point,42,Michigan City,28,0,56,179
10/17/2025,Culver,44,South Central (Union Mills),7,0,57,258
10/17/2025,Culver Academy,19,John Glenn,7,0,58,149
10/17/2025,Danville,49,Indianapolis Ritter,19,0,59,137
10/17/2025,Decatur Central,48,Franklin,10,0,60,100
10/17/2025,DeKalb,31,Leo,28,0,61,166
10/17/2025,Delphi,35,Taylor,21,0,62,274
10/17/2025,East Noble,60,Bellmont,7,0,66,12
10/17/2025,Eastbrook,21,Oak Hill,3,0,67,219
10/17/2025,Eastern (Greentown),25,Clinton Prairie,8,0,68,44
10/17/2025,Eastside,33,Angola,28,0,72,5
10/17/2025,Elkhart,21,South Bend Adams,0,0,75,254
10/17/2025,Elwood,34,Frankton,27,0,76,103
10/17/2025,Evansville Harrison,56,Evansville Bosse,7,0,79,77
10/17/2025,Evansville Memorial,37,Castle,7,0,81,33
10/17/2025,Evansville North,47,Evansville Central,7,0,82,78
10/17/2025,Evansville Reitz,21,Evansville Mater Dei,7,0,83,80
10/17/2025,Fishers,28,Zionsville,18,0,86,314
10/17/2025,Floyd Central,42,New Albany,0,0,87,192
10/17/2025,Fort Wayne Dwenger,28,Fort Wayne South,12,0,91,96
10/17/2025,Fort Wayne Northrop,41,Fort Wayne Wayne,14,0,94,97
10/17/2025,Fort Wayne Snider,24,Fort Wayne North,20,0,95,93
10/17/2025,Fountain Central,56,Parke Heritage,6,0,98,223
10/17/2025,Franklin County,30,North Decatur,6,0,102,201
10/17/2025,Fremont,40,Toledo Christian (Ohio),7,0,104,0
10/17/2025,Frontier,49,South Newton,0,0,105,261
10/17/2025,Garrett,69,Central Noble,21,0,106,37
10/17/2025,Gary West,36,Calumet,0,0,107,27
10/17/2025,Gibson Southern,56,Princeton,0,0,108,236
10/17/2025,Greenfield-Central,62,New Castle,27,0,111,193
10/17/2025,Greensburg,36,Rushville,16,0,112,244
10/17/2025,Greenwood Christian,48,Faith Christian,8,0,114,85
10/17/2025,Griffith,34,Wheeler,10,0,115,306
10/17/2025,Guerin Catholic,59,Lafayette Central Catholic,28,0,116,154
10/17/2025,Hammond Morton,58,East Chicago Central,6,0,121,65
10/17/2025,Hanover Central,42,Hammond Central,0,0,123,120
10/17/2025,Harrison (West Lafayette),26,Lebanon,7,0,124,165
10/17/2025,Heritage Christian,49,Owen Valley,7,0,126,220
10/17/2025,Heritage Hills,37,Boonville,12,0,127,20
10/17/2025,Hobart,74,Highland,0,0,129,128
10/17/2025,Homestead,42,Fort Wayne Concordia,0,0,130,90
10/17/2025,Huntington North,49,New Haven,13,0,131,194
10/17/2025,Indian Creek,40,Monrovia,18,0,132,186
10/17/2025,Indianapolis Attucks,34,Seymour,25,0,133,248
10/17/2025,Indianapolis Cathedral,28,Warren Central,21,0,134,293
10/17/2025,Indianapolis Lutheran,23,McCutcheon,13,0,136,177
10/17/2025,Indianapolis Roncalli,28,East Central,16,0,138,64
10/17/2025,Indianapolis Shortridge,41,Phalen Academy,6,0,140,0
10/17/2025,Indianapolis Washington,22,Indianapolis Tindley,12,0,142,141
10/17/2025,Jasper,42,Vincennes Lincoln,34,0,144,291
10/17/2025,Jay County,15,Heritage,14,0,145,125
10/17/2025,Jeffersonville,35,Jennings County,21,0,146,147
10/17/2025,Jimtown,27,Lakeland,24,0,148,158
10/17/2025,Kokomo,50,Richmond,14,0,153,240
10/17/2025,Lafayette Jeff,55,Muncie Central,22,0,155,190
10/17/2025,Lake Central,21,Valparaiso,14,0,156,290
10/17/2025,Lapel,21,Eastern Hancock,20,0,159,71
10/17/2025,LaPorte,35,Portage,22,0,160,234
10/17/2025,LaVille,70,Whiting,7,0,161,308
10/17/2025,Lawrence North,42,Pike,7,0,163,229
10/17/2025,Lawrenceburg,27,South Dearborn,20,0,164,259
10/17/2025,Lewis Cass,21,Southwood,13,0,167,269
10/17/2025,Manchester,35,Peru,21,0,174,228
10/17/2025,Marion,58,Anderson,21,0,175,3
10/17/2025,Merrillville,42,Chesterton,7,0,178,39
10/17/2025,Milan,37,Madison,7,0,180,172
10/17/2025,Mishawaka,36,Wawasee,14,0,181,296
10/17/2025,Mississinewa,28,Madison-Grant,16,0,183,173
10/17/2025,Mitchell,23,Perry Central,20,0,184,226
10/17/2025,Mooresville,42,Perry Meridian,21,0,187,227
10/17/2025,Mount Vernon (Posey),54,North Posey,37,0,189,208
10/17/2025,Munster,17,Kankakee Valley,14,0,191,150
10/17/2025,New Palestine,56,Delta,7,0,195,63
10/17/2025,New Prairie,44,South Bend Washington,35,0,196,257
10/17/2025,North Central (Farmersburg),39,Eastern Greene,21,0,198,70
10/17/2025,North Newton,42,Tri-County,6,0,207,283
10/17/2025,North Putnam,36,North Montgomery,28,0,209,206
10/17/2025,Northeastern,36,Hagerstown,14,0,212,117
10/17/2025,Northfield,62,Northwestern,55,3,213,216
10/17/2025,Northview,35,Linton,14,0,215,168
10/17/2025,NorthWood,49,Goshen,24,0,217,109
10/17/2025,Paoli,50,North Knox,7,0,221,204
10/17/2025,Park Tudor,23,Purdue Englewood,22,0,222,238
10/17/2025,Pendleton Heights,49,Shelbyville,7,0,224,249
10/17/2025,Penn,38,South Bend St. Joseph,6,0,225,256
10/17/2025,Pioneer,36,North Judson,18,0,231,203
10/17/2025,Plainfield,14,Martinsville,7,0,232,176
10/17/2025,Providence,28,North Harrison,20,0,237,202
10/17/2025,Rensselaer Central,36,Logansport,35,1,239,169
10/17/2025,River Forest,19,Lake Station,6,0,241,157
10/17/2025,Riverton Parke,52,Covington,6,0,242,53
10/17/2025,Rochester,48,Maconaquah,6,0,243,171
10/17/2025,Seeger,49,North Vermillion,13,0,247,210
10/17/2025,Shenandoah,44,Monroe Central,13,0,250,185
10/17/2025,Sheridan,20,Carroll (Flora),7,0,251,30
10/17/2025,South Adams,42,Southern Wells,7,0,253,265
10/17/2025,South Bend Riley,25,Mishawaka Marian,17,0,255,182
10/17/2025,South Decatur,41,Crimson Knights,6,0,260,0
10/17/2025,South Putnam,43,Cloverdale,0,0,262,45
10/17/2025,South Vermillion,32,Attica,13,0,264,7
10/17/2025,Southmont,62,Greencastle,42,0,266,110
10/17/2025,Southridge,49,Forest Park,13,0,268,88
10/17/2025,Speedway,40,Covenant Christian,0,0,270,52
10/17/2025,Springs Valley,13,North Daviess,8,0,271,200
10/17/2025,Sullivan,70,West Vigo,7,0,272,301
10/17/2025,Tecumseh,46,Switzerland County,34,0,275,273
10/17/2025,Tell City,42,South Spencer,18,0,276,263
10/17/2025,Terre Haute South,49,Columbus North,40,0,278,48
10/17/2025,Tippecanoe Valley,31,Bremen,7,0,279,23
10/17/2025,Tipton,55,Benton Central,0,0,280,14
10/17/2025,Tri,63,Union County,0,0,281,289
10/17/2025,Triton,27,North Miami,24,0,284,205
10/17/2025,Triton Central,27,Indianapolis Scecina,7,0,285,139
10/17/2025,Twin Lakes,22,Western,15,0,287,303
10/17/2025,Wabash,36,Whitko,35,0,292,309
10/17/2025,Warsaw,34,Northridge,19,0,294,214
10/17/2025,Washington,42,Pike Central,6,0,295,230
10/17/2025,Wes-Del,70,Cambridge City Lincoln,8,0,297,28
10/17/2025,West Central,44,North White,0,0,298,211
10/17/2025,West Lafayette,24,Hamilton Heights,8,0,299,118
10/17/2025,West Noble,42,Prairie Heights,6,0,300,235
10/17/2025,West Washington,21,Salem,14,0,302,245
10/17/2025,Westfield,42,Franklin Central,7,0,305,101
10/17/2025,Whiteland,41,Greenwood,7,0,307,113
10/17/2025,Winchester,61,Union City,28,0,311,288
10/17/2025,Yorktown,72,Mount Vernon (Fortville),0,0,313,188
10/24/2025,Whiteland,42,Seymour,14,0,307,248
10/24/2025,Lowell,56,Hanover Central,21,0,170,123
10/24/2025,East Chicago Central,58,Highland,56,3,65,128
10/24/2025,Kankakee Valley,15,Gary West,6,0,150,107
10/24/2025,Hobart,50,New Prairie,14,0,129,196
10/24/2025,Plymouth,44,South Bend Washington,23,0,233,257
10/24/2025,Mishawaka,28,NorthWood,14,0,181,217
10/24/2025,Northridge,35,Wawasee,26,0,214,296
10/24/2025,South Bend St. Joseph,35,South Bend Riley,0,0,256,255
10/24/2025,Fort Wayne South,52,Fort Wayne Wayne,14,0,96,97
10/24/2025,East Noble,48,New Haven,12,0,66,194
10/24/2025,Columbia City,16,DeKalb,10,0,46,61
10/24/2025,Fort Wayne Dwenger,31,Leo,7,0,91,166
10/24/2025,Lebanon,39,Culver Academy,19,0,165,58
10/24/2025,Muncie Central,48,Marion,21,0,190,175
10/24/2025,Logansport,15,Huntington North,12,0,169,131
10/24/2025,Beech Grove,55,Richmond,13,0,11,240
10/24/2025,Pendleton Heights,45,Mount Vernon (Fortville),14,0,224,188
10/24/2025,Greenfield-Central,26,New Castle,20,2,111,193
10/24/2025,Danville,55,Indianapolis Shortridge,7,0,59,140
10/24/2025,Indianapolis Roncalli,54,Northview,32,0,138,215
10/24/2025,Indianapolis Chatard,48,Mooresville,14,0,135,187
10/24/2025,Brebeuf Jesuit,56,Indianapolis Attucks,14,0,22,133
10/24/2025,Bedford North Lawrence,50,Jennings County,0,0,10,147
10/24/2025,Shelbyville,35,Connersville,14,0,249,50
10/24/2025,Martinsville,35,Greenwood,31,0,176,113
10/24/2025,Charlestown,51,Silver Creek,26,0,38,252
10/24/2025,Evansville Reitz,37,Evansville Central,13,0,83,78
10/24/2025,Heritage Hills,56,Washington,7,0,127,295
10/24/2025,Jasper,14,Boonville,0,0,144,20
10/24/2025,Evansville Harrison,50,Evansville Bosse,6,0,79,77
10/24/2025,Calumet,42,John Glenn,23,0,27,149
10/24/2025,Mishawaka Marian,56,River Forest,14,0,182,241
10/24/2025,Griffith,62,Hammond Noll,8,0,115,122
10/24/2025,Knox,50,Jimtown,21,0,152,148
10/24/2025,Garrett,7,Fairfield,0,0,106,84
10/24/2025,Lakeland,32,Woodlan,0,0,158,312
10/24/2025,Angola,21,Tippecanoe Valley,6,0,5,279
10/24/2025,West Noble,42,Fort Wayne Concordia,0,0,300,90
10/24/2025,Peru,41,Northwestern,14,0,228,216
10/24/2025,Twin Lakes,36,Maconaquah,20,0,287,171
10/24/2025,Western,20,West Lafayette,14,0,303,299
10/24/2025,Frankton,59,Benton Central,32,0,103,14
10/24/2025,Mississinewa,21,Oak Hill,7,0,183,219
10/24/2025,Jay County,35,Bellmont,0,0,145,12
10/24/2025,Norwell,24,Heritage,6,0,218,125
10/24/2025,Fort Wayne Luers,38,Delta,7,0,92,63
10/24/2025,Cascade,58,Indianapolis Washington,0,0,32,142
10/24/2025,Tri-West,35,West Vigo,14,0,286,301
10/24/2025,Crawfordsville,35,Speedway,0,0,55,270
10/24/2025,Guerin Catholic,36,Hamilton Heights,21,0,116,118
10/24/2025,Franklin County,33,Batesville,14,0,102,9
10/24/2025,Greensburg,36,Purdue Englewood,12,0,112,238
10/24/2025,South Dearborn,49,Rushville,0,0,259,244
10/24/2025,Madison,47,Owen Valley,14,0,172,220
10/24/2025,North Harrison,35,Corydon Central,34,0,202,51
10/24/2025,Scottsburg,31,Edgewood,7,0,246,73
10/24/2025,Gibson Southern,50,Vincennes Lincoln,12,0,108,291
10/24/2025,Southridge,26,Mount Vernon (Posey),7,0,268,189
10/24/2025,Evansville Mater Dei,70,Princeton,6,0,80,236
10/24/2025,Wheeler,70,Lake Station,7,0,306,157
10/24/2025,Rensselaer Central,57,Boone Grove,0,0,239,19
10/24/2025,Bremen,34,Whiting,0,0,23,308
10/24/2025,Southmont,48,Delphi,12,0,266,62
10/24/2025,Western Boone,49,North Putnam,42,0,304,209
10/24/2025,Seeger,28,Lafayette Central Catholic,27,0,247,154
10/24/2025,Lewis Cass,55,North Montgomery,20,0,167,206
10/24/2025,Manchester,42,Prairie Heights,0,0,174,235
10/24/2025,Eastside,48,Whitko,0,0,72,309
10/24/2025,Adams Central,70,Central Noble,13,0,1,37
10/24/2025,Bluffton,39,Churubusco,38,0,18,41
10/24/2025,Eastbrook,37,Alexandria,36,1,67,2
10/24/2025,Rochester,44,Elwood,0,0,243,76
10/24/2025,Eastern (Greentown),53,Blackford,7,0,68,15
10/24/2025,Tipton,48,Wabash,13,0,280,292
10/24/2025,Indianapolis Lutheran,55,Covenant Christian,15,0,136,52
10/24/2025,Heritage Christian,42,Indianapolis Ritter,22,0,126,137
10/24/2025,Monrovia,47,Indianapolis Scecina,29,0,186,139
10/24/2025,Northeastern,34,Shenandoah,7,0,212,250
10/24/2025,Triton Central,22,Centerville,19,0,285,36
10/24/2025,Lapel,32,Winchester,0,0,159,311
10/24/2025,Eastern Hancock,72,Union County,0,0,71,289
10/24/2025,Sullivan,70,South Vermillion,14,0,272,264
10/24/2025,North Posey,50,Pike Central,6,0,208,230
10/24/2025,Greencastle,63,Brown County,14,0,110,24
10/24/2025,Linton,69,Mitchell,12,0,168,184
10/24/2025,Clarksville,42,Crawford County,8,0,42,54
10/24/2025,Switzerland County,41,Salem,33,0,273,245
10/24/2025,Brownstown Central,48,Tell City,0,0,26,276
10/24/2025,Paoli,50,Eastern (Pekin),0,0,221,69
10/24/2025,LaVille,35,Culver,0,0,161,57
10/24/2025,North Judson,59,South Central (Union Mills),6,0,203,258
10/24/2025,West Central,74,South Newton,12,0,298,261
10/24/2025,Bowman Academy,36,North Newton,30,0,21,207
10/24/2025,Frontier,50,Tri-County,14,0,105,283
10/24/2025,Pioneer,35,Caston,0,0,231,34
10/24/2025,Carroll (Flora),27,Winamac,14,0,30,310
10/24/2025,Taylor,85,North White,6,0,274,211
10/24/2025,North Miami,47,Northfield,6,0,205,213
10/24/2025,Triton,60,Southern Wells,28,0,284,265
10/24/2025,Fremont,48,Fort Wayne Blackhawk,10,0,104,89
10/24/2025,Hagerstown,31,Union City,13,0,117,288
10/24/2025,Monroe Central,49,Cambridge City Lincoln,0,0,185,28
10/24/2025,South Adams,45,Madison-Grant,28,0,253,173
10/24/2025,Tri,45,Wes-Del,7,0,281,297
10/24/2025,South Putnam,68,Attica,14,0,262,7
10/24/2025,Fountain Central,47,Parke Heritage,6,0,98,223
10/24/2025,North Central (Farmersburg),28,Covington,26,0,198,53
10/24/2025,Riverton Parke,46,North Vermillion,6,0,242,210
10/24/2025,Cloverdale,42,Clinton Central,14,0,45,43
10/24/2025,Eastern Greene,34,South Decatur,20,0,70,260
10/24/2025,Knightstown,46,West Washington,7,0,151,302
10/24/2025,North Decatur,56,Greenwood Christian,12,0,201,114
10/24/2025,Springs Valley,46,Forest Park,0,0,271,88
10/24/2025,Providence,41,North Knox,14,0,237,204
10/24/2025,North Daviess,54,Perry Central,6,0,200,226
10/24/2025,Tecumseh,21,South Spencer,6,0,275,263
10/31/2025,Crown Point,35,Lake Central,7,0,56,156
10/31/2025,Penn,55,Portage,7,0,225,234
10/31/2025,Carroll (Fort Wayne),49,Elkhart,14,0,31,75
10/31/2025,Fort Wayne Northrop,17,Fort Wayne Snider,16,1,94,95
10/31/2025,Westfield,48,Zionsville,20,0,305,314
10/31/2025,Carmel,56,Harrison (West Lafayette),7,0,29,124
10/31/2025,Hamilton Southeastern,24,Homestead,10,0,119,130
10/31/2025,Fishers,41,Noblesville,13,0,86,197
10/31/2025,Avon,23,Ben Davis,21,0,8,13
10/31/2025,Brownsburg,43,Pike,14,0,25,229
10/31/2025,Decatur Central,42,North Central (Indianapolis),21,0,60,199
10/31/2025,Lawrence Central,26,Lawrence North,24,0,162,163
10/31/2025,Southport,22,Arsenal Tech,7,0,267,6
10/31/2025,Warren Central,42,Perry Meridian,7,0,293,227
10/31/2025,Center Grove,48,Jeffersonville,0,0,35,146
10/31/2025,Franklin Central,42,Columbus North,35,0,101,48
10/31/2025,Munster,46,Hammond Central,12,0,191,120
10/31/2025,Merrillville,28,Hammond Morton,7,0,178,121
10/31/2025,Michigan City,35,Valparaiso,7,0,179,290
10/31/2025,LaPorte,20,Chesterton,17,0,160,39
10/31/2025,Concord,45,Warsaw,28,0,49,294
10/31/2025,Fort Wayne North,41,Goshen,0,0,93,109
10/31/2025,Lafayette Jeff,26,McCutcheon,0,0,155,177
10/31/2025,Kokomo,22,South Bend Adams,14,0,153,254
10/31/2025,Indianapolis Cathedral,68,Anderson,0,0,134,3
10/31/2025,New Palestine,42,Plainfield,7,0,195,232
10/31/2025,East Central,21,Franklin,7,0,64,100
10/31/2025,Whiteland,42,Columbus East,21,0,307,47
10/31/2025,Bloomington North,49,Terre Haute North,0,0,16,277
10/31/2025,Bloomington South,41,Terre Haute South,34,0,17,278
10/31/2025,Evansville North,55,New Albany,7,0,82,192
10/31/2025,Floyd Central,49,Castle,14,0,87,33
10/31/2025,Lowell,35,East Chicago Central,0,0,170,65
10/31/2025,Hobart,43,Kankakee Valley,6,0,129,150
10/31/2025,Mishawaka,21,Plymouth,17,0,181,233
10/31/2025,South Bend St. Joseph,14,Northridge,7,0,256,214
10/31/2025,East Noble,35,Fort Wayne South,28,0,66,96
10/31/2025,Fort Wayne Dwenger,21,Columbia City,0,0,91,46
10/31/2025,Lebanon,48,Frankfort,6,0,165,99
10/31/2025,Logansport,31,Muncie Central,24,0,169,190
10/31/2025,Yorktown,35,Beech Grove,0,0,313,11
10/31/2025,Pendleton Heights,45,Greenfield-Central,0,0,224,111
10/31/2025,Indianapolis Roncalli,49,Danville,16,0,138,59
10/31/2025,Indianapolis Chatard,63,Brebeuf Jesuit,33,0,135,22
10/31/2025,Bedford North Lawrence,41,Shelbyville,21,0,10,249
10/31/2025,Martinsville,52,Charlestown,20,0,176,38
10/31/2025,Heritage Hills,31,Evansville Reitz,14,0,127,83
10/31/2025,Jasper,35,Evansville Harrison,7,0,144,79
10/31/2025,Mishawaka Marian,43,Calumet,8,0,182,27
10/31/2025,Knox,50,Griffith,35,0,152,115
10/31/2025,Garrett,21,Lakeland,0,0,106,158
10/31/2025,Angola,21,West Noble,20,0,5,300
10/31/2025,Twin Lakes,42,Peru,28,0,287,228
10/31/2025,Western,29,Frankton,22,0,303,103
10/31/2025,Mississinewa,36,Jay County,7,0,183,145
10/31/2025,Fort Wayne Luers,45,Norwell,12,0,92,218
10/31/2025,Cascade,45,Tri-West,14,0,32,286
10/31/2025,Guerin Catholic,45,Crawfordsville,7,0,116,55
10/31/2025,Lawrenceburg,48,Franklin County,27,0,164,102
10/31/2025,Greensburg,23,South Dearborn,14,0,112,259
10/31/2025,Indian Creek,46,Madison,7,0,132,172
10/31/2025,Scottsburg,27,North Harrison,0,0,246,202
10/31/2025,Gibson Southern,28,Evansville Memorial,21,0,108,81
10/31/2025,Evansville Mater Dei,42,Southridge,21,0,80,268
10/31/2025,Andrean,28,Wheeler,6,0,4,306
10/31/2025,Rensselaer Central,17,Bremen,12,0,239,23
10/31/2025,Southmont,33,Western Boone,11,0,266,304
10/31/2025,Lewis Cass,55,Seeger,14,0,167,247
10/31/2025,Eastside,42,Manchester,3,0,72,174
10/31/2025,Adams Central,35,Bluffton,14,0,1,18
10/31/2025,Eastbrook,42,Rochester,14,0,67,243
10/31/2025,Eastern (Greentown),41,Tipton,40,0,68,280
10/31/2025,Indianapolis Lutheran,52,Park Tudor,14,0,136,222
10/31/2025,Heritage Christian,57,Monrovia,56,0,126,186
10/31/2025,Triton Central,49,Northeastern,6,0,285,212
10/31/2025,Lapel,26,Eastern Hancock,22,0,159,71
10/31/2025,Sullivan,53,North Posey,7,0,272,208
10/31/2025,Linton,46,Greencastle,10,0,168,110
10/31/2025,Switzerland County,56,Clarksville,20,0,273,42
10/31/2025,Brownstown Central,63,Paoli,21,0,26,221
10/31/2025,LaVille,24,North Judson,22,0,161,203
10/31/2025,West Central,54,Bowman Academy,20,0,298,21
10/31/2025,Pioneer,42,Frontier,6,0,231,105
10/31/2025,Carroll (Flora),20,Taylor,19,0,30,274
10/31/2025,North Miami,61,Southwood,30,0,205,269
10/31/2025,Fremont,28,Triton,19,0,104,284
10/31/2025,Hagerstown,22,Monroe Central,8,0,117,185
10/31/2025,South Adams,49,Tri,14,0,253,281
10/31/2025,South Putnam,45,Fountain Central,7,0,262,98
10/31/2025,Riverton Parke,41,North Central (Farmersburg),6,0,242,198
10/31/2025,Cloverdale,61,Indianapolis Tindley,6,0,45,141
10/31/2025,Sheridan,42,Clinton Prairie,12,0,251,44
10/31/2025,Milan,56,Eastern Greene,14,0,180,70
10/31/2025,North Decatur,31,Knightstown,18,0,201,151
10/31/2025,Providence,35,Springs Valley,14,0,237,271
10/31/2025,North Daviess,36,Tecumseh,6,0,200,275
11/7/2025,Penn,28,Crown Point,24,0,225,56
11/7/2025,Carroll (Fort Wayne),42,Fort Wayne Northrop,23,0,31,94
11/7/2025,Westfield,23,Carmel,20,1,305,29
11/7/2025,Fishers,28,Hamilton Southeastern,20,0,86,119
11/7/2025,Brownsburg,53,Avon,29,0,25,8
11/7/2025,Decatur Central,17,Lawrence Central,14,0,60,162
11/7/2025,Warren Central,58,Southport,0,0,293,267
11/7/2025,Center Grove,30,Franklin Central,27,0,35,101
11/7/2025,Merrillville,45,Munster,14,0,178,191
11/7/2025,Michigan City,28,LaPorte,21,0,179,160
11/7/2025,Concord,34,Fort Wayne North,29,0,49,93
11/7/2025,Lafayette Jeff,57,Kokomo,0,0,155,153
11/7/2025,New Palestine,20,Indianapolis Cathedral,15,0,195,134
11/7/2025,East Central,35,Whiteland,0,0,64,307
11/7/2025,Bloomington South,31,Bloomington North,28,0,17,16
11/7/2025,Floyd Central,15,Evansville North,10,0,87,82
11/7/2025,Hobart,35,Lowell,15,0,129,170
11/7/2025,South Bend St. Joseph,13,Mishawaka,7,0,256,181
11/7/2025,Fort Wayne Dwenger,32,East Noble,0,0,91,66
11/7/2025,Lebanon,21,Logansport,17,0,165,169
11/7/2025,Yorktown,28,Pendleton Heights,10,0,313,224
11/7/2025,Indianapolis Roncalli,26,Indianapolis Chatard,6,0,138,135
11/7/2025,Martinsville,49,Bedford North Lawrence,35,0,176,10
11/7/2025,Heritage Hills,38,Jasper,8,0,127,144
11/7/2025,Knox,48,Mishawaka Marian,18,0,152,182
11/7/2025,Angola,30,Garrett,28,0,5,106
11/7/2025,Twin Lakes,35,Western,19,0,287,303
11/7/2025,Fort Wayne Luers,23,Mississinewa,10,0,92,183
11/7/2025,Cascade,49,Guerin Catholic,21,0,32,116
11/7/2025,Lawrenceburg,41,Greensburg,3,0,164,112
11/7/2025,Indian Creek,49,Scottsburg,13,0,132,246
11/7/2025,Gibson Southern,17,Evansville Mater Dei,14,0,108,80
11/7/2025,Andrean,35,Rensselaer Central,14,0,4,239
11/7/2025,Southmont,44,Lewis Cass,39,0,266,167
11/7/2025,Adams Central,53,Eastside,32,0,1,72
11/7/2025,Eastbrook,31,Eastern (Greentown),28,0,67,68
11/7/2025,Indianapolis Lutheran,28,Heritage Christian,24,0,136,126
11/7/2025,Lapel,28,Triton Central,15,0,159,285
11/7/2025,Linton,58,Sullivan,27,0,168,272
11/7/2025,Brownstown Central,55,Switzerland County,0,0,26,273
11/7/2025,LaVille,49,West Central,6,0,161,298
11/7/2025,Pioneer,45,Carroll (Flora),14,0,231,30
11/7/2025,North Miami,51,Fremont,7,0,205,104
11/7/2025,South Adams,42,Hagerstown,14,0,253,117
11/7/2025,South Putnam,29,Riverton Parke,21,1,262,242
11/7/2025,Sheridan,14,Cloverdale,7,0,251,45
11/7/2025,Milan,27,North Decatur,7,0,180,201
11/7/2025,Providence,42,North Daviess,26,0,237,200
11/14/2025,Pioneer,34,LaVille,14,0,231,161
11/14/2025,South Adams,25,North Miami,22,0,253,205
11/14/2025,South Putnam,26,Sheridan,6,0,262,251
11/14/2025,Milan,22,Providence,7,0,180,237
11/14/2025,Andrean,52,Southmont,32,0,4,266
11/14/2025,Adams Central,42,Eastbrook,28,0,1,67
11/14/2025,Lapel,38,Indianapolis Lutheran,7,0,159,136
11/14/2025,Brownstown Central,43,Linton,18,0,26,168
11/14/2025,Knox,28,Angola,21,0,152,5
11/14/2025,Fort Wayne Luers,14,Twin Lakes,7,0,92,287
11/14/2025,Cascade,37,Lawrenceburg,33,0,32,164
11/14/2025,Gibson Southern,42,Indian Creek,14,0,108,132
11/14/2025,South Bend St. Joseph,10,Hobart,7,0,256,129
11/14/2025,Fort Wayne Dwenger,39,Lebanon,27,0,91,165
11/14/2025,Indianapolis Roncalli,31,Yorktown,27,0,138,313
11/14/2025,Heritage Hills,35,Martinsville,19,0,127,176
11/14/2025,Merrillville,34,Michigan City,14,0,178,179
11/14/2025,Concord,47,Lafayette Jeff,45,0,49,155
11/14/2025,New Palestine,20,East Central,6,0,195,64
11/14/2025,Bloomington South,55,Floyd Central,7,0,17,87
11/14/2025,Carroll (Fort Wayne),41,Penn,30,0,31,225
11/14/2025,Westfield,20,Fishers,10,0,305,86
11/14/2025,Brownsburg,47,Decatur Central,23,0,25,60
11/14/2025,Warren Central,24,Center Grove,21,0,293,35
11/21/2025,Pioneer,31,South Adams,14,0,231,253
11/21/2025,South Putnam,40,Milan,7,0,262,180
11/21/2025,Andrean,24,Adams Central,19,0,4,1
11/21/2025,Brownstown Central,31,Lapel,21,0,26,159
11/21/2025,Fort Wayne Luers,35,Knox,0,0,92,152
11/21/2025,Fort Wayne Dwenger,28,South Bend St. Joseph,7,0,91,256
11/21/2025,Indianapolis Roncalli,42,Heritage Hills,14,0,138,127
11/21/2025,Merrillville,41,Concord,14,0,178,49
11/21/2025,New Palestine,42,Bloomington South,0,0,195,17
11/21/2025,Westfield,35,Carroll (Fort Wayne),14,0,305,31
11/21/2025,Brownsburg,31,Warren Central,0,0,25,293
11/22/2025,Cascade,49,Gibson Southern,34,0,32,108
,,,,,,0,0
,,,,,,0,0
,,,,,,0,0
,,,,,,0,0
,,,,,,0,0
,,,,,,0,0
,,,,,,0,0
,,,,,,0,0
,,,,,,0,0
,,,,,,0,0
,,,,,,0,0
,,,,,,0,0
,,,,,,0,0
,,,,,,0,0
,,,,,,0,0
,,,,,,0,0
,,,,,,0,0
,,,,,,0,0
